checkedAt,sku,name,salePrice,regularPrice,url,changed
2025-11-06T18:35:01Z,6625835,"TCL - 55"" Class QM5K Series 4K UHD HDR QD-Mini LED Smart TV with Google TV (2025)",379.99,699.99,https://api.bestbuy.com/click/-/6625835/pdp,FALSE
2025-11-06T18:35:01Z,6625874,"TCL - 65"" Class QM5K Series 4K UHD HDR QD-Mini LED Smart TV with Google TV (2025)",549.99,899.99,https://api.bestbuy.com/click/-/6625874/pdp,FALSE
2025-11-06T18:35:01Z,6625834,"TCL - 75"" Class QM5K Series 4K UHD HDR QD-Mini LED Smart TV with Google TV (2025)",599.99,1199.99,https://api.bestbuy.com/click/-/6625834/pdp,FALSE
2025-11-06T21:30:44Z,6625835,"TCL - 55"" Class QM5K Series 4K UHD HDR QD-Mini LED Smart TV with Google TV (2025)",379.99,699.99,https://api.bestbuy.com/click/-/6625835/pdp,FALSE
2025-11-06T21:30:44Z,6625874,"TCL - 65"" Class QM5K Series 4K UHD HDR QD-Mini LED Smart TV with Google TV (2025)",549.99,899.99,https://api.bestbuy.com/click/-/6625874/pdp,FALSE
2025-11-06T21:30:44Z,6625834,"TCL - 75"" Class QM5K Series 4K UHD HDR QD-Mini LED Smart TV with Google TV (2025)",599.99,1199.99,https://api.bestbuy.com/click/-/6625834/pdp,FALSE
2025-11-07T13:42:59Z,6625835,"TCL - 55"" Class QM5K Series 4K UHD HDR QD-Mini LED Smart TV with Google TV (2025)",379.99,699.99,https://api.bestbuy.com/click/-/6625835/pdp,FALSE
2025-11-07T13:42:59Z,6625874,"TCL - 65"" Class QM5K Series 4K UHD HDR QD-Mini LED Smart TV with Google TV (2025)",549.99,899.99,https://api.bestbuy.com/click/-/6625874/pdp,FALSE
2025-11-07T13:42:59Z,6625834,"TCL - 75"" Class QM5K Series 4K UHD HDR QD-Mini LED Smart TV with Google TV (2025)",599.99,1199.99,https://api.bestbuy.com/click/-/6625834/pdp,FALSE
2025-11-07T21:26:34Z,6625835,"TCL - 55"" Class QM5K Series 4K UHD HDR QD-Mini LED Smart TV with Google TV (2025)",379.99,699.99,https://api.bestbuy.com/click/-/6625835/pdp,FALSE
2025-11-07T21:26:34Z,6625874,"TCL - 65"" Class QM5K Series 4K UHD HDR QD-Mini LED Smart TV with Google TV (2025)",549.99,899.99,https://api.bestbuy.com/click/-/6625874/pdp,FALSE
2025-11-07T21:26:34Z,6625834,"TCL - 75"" Class QM5K Series 4K UHD HDR QD-Mini LED Smart TV with Google TV (2025)",599.99,1199.99,https://api.bestbuy.com/click/-/6625834/pdp,FALSE
2025-11-08T13:35:40Z,6625835,"TCL - 55"" Class QM5K Series 4K UHD HDR QD-Mini LED Smart TV with Google TV (2025)",379.99,699.99,https://api.bestbuy.com/click/-/6625835/pdp,FALSE
2025-11-08T13:35:40Z,6625874,"TCL - 65"" Class QM5K Series 4K UHD HDR QD-Mini LED Smart TV with Google TV (2025)",549.99,899.99,https://api.bestbuy.com/click/-/6625874/pdp,FALSE
2025-11-08T13:35:40Z,6625834,"TCL - 75"" Class QM5K Series 4K UHD HDR QD-Mini LED Smart TV with Google TV (2025)",599.99,1199.99,https://api.bestbuy.com/click/-/6625834/pdp,FALSE
2025-11-08T21:26:35Z,6625835,"TCL - 55"" Class QM5K Series 4K UHD HDR QD-Mini LED Smart TV with Google TV (2025)",379.99,699.99,https://api.bestbuy.com/click/-/6625835/pdp,FALSE
2025-11-08T21:26:35Z,6625874,"TCL - 65"" Class QM5K Series 4K UHD HDR QD-Mini LED Smart TV with Google TV (2025)",549.99,899.99,https://api.bestbuy.com/click/-/6625874/pdp,FALSE
2025-11-08T21:26:35Z,6625834,"TCL - 75"" Class QM5K Series 4K UHD HDR QD-Mini LED Smart TV with Google TV (2025)",599.99,1199.99,https://api.bestbuy.com/click/-/6625834/pdp,FALSE
2025-11-09T13:35:23Z,6625835,"TCL - 55"" Class QM5K Series 4K UHD HDR QD-Mini LED Smart TV with Google TV (2025)",379.99,699.99,https://api.bestbuy.com/click/-/6625835/pdp,FALSE
2025-11-09T13:35:23Z,6625874,"TCL - 65"" Class QM5K Series 4K UHD HDR QD-Mini LED Smart TV with Google TV (2025)",549.99,899.99,https://api.bestbuy.com/click/-/6625874/pdp,FALSE
2025-11-09T13:35:23Z,6625834,"TCL - 75"" Class QM5K Series 4K UHD HDR QD-Mini LED Smart TV with Google TV (2025)",599.99,1199.99,https://api.bestbuy.com/click/-/6625834/pdp,FALSE
2025-11-09T21:27:29Z,6625835,"TCL - 55"" Class QM5K Series 4K UHD HDR QD-Mini LED Smart TV with Google TV (2025)",379.99,699.99,https://api.bestbuy.com/click/-/6625835/pdp,FALSE
2025-11-09T21:27:29Z,6625874,"TCL - 65"" Class QM5K Series 4K UHD HDR QD-Mini LED Smart TV with Google TV (2025)",549.99,899.99,https://api.bestbuy.com/click/-/6625874/pdp,FALSE
2025-11-09T21:27:29Z,6625834,"TCL - 75"" Class QM5K Series 4K UHD HDR QD-Mini LED Smart TV with Google TV (2025)",599.99,1199.99,https://api.bestbuy.com/click/-/6625834/pdp,FALSE
2025-11-10T13:48:32Z,6625835,"TCL - 55"" Class QM5K Series 4K UHD HDR QD-Mini LED Smart TV with Google TV (2025)",349.99,699.99,https://api.bestbuy.com/click/-/6625835/pdp,TRUE
2025-11-10T13:48:32Z,6625874,"TCL - 65"" Class QM5K Series 4K UHD HDR QD-Mini LED Smart TV with Google TV (2025)",499.99,899.99,https://api.bestbuy.com/click/-/6625874/pdp,TRUE
2025-11-10T13:48:32Z,6625834,"TCL - 75"" Class QM5K Series 4K UHD HDR QD-Mini LED Smart TV with Google TV (2025)",649.99,1199.99,https://api.bestbuy.com/click/-/6625834/pdp,TRUE
2025-11-10T21:31:49Z,6625835,"TCL - 55"" Class QM5K Series 4K UHD HDR QD-Mini LED Smart TV with Google TV (2025)",349.99,699.99,https://api.bestbuy.com/click/-/6625835/pdp,FALSE
2025-11-10T21:31:49Z,6625874,"TCL - 65"" Class QM5K Series 4K UHD HDR QD-Mini LED Smart TV with Google TV (2025)",499.99,899.99,https://api.bestbuy.com/click/-/6625874/pdp,FALSE
2025-11-10T21:31:49Z,6625834,"TCL - 75"" Class QM5K Series 4K UHD HDR QD-Mini LED Smart TV with Google TV (2025)",649.99,1199.99,https://api.bestbuy.com/click/-/6625834/pdp,FALSE
2025-11-11T13:46:54Z,6625835,"TCL - 55"" Class QM5K Series 4K UHD HDR QD-Mini LED Smart TV with Google TV (2025)",349.99,699.99,https://api.bestbuy.com/click/-/6625835/pdp,FALSE
2025-11-11T13:46:54Z,6625874,"TCL - 65"" Class QM5K Series 4K UHD HDR QD-Mini LED Smart TV with Google TV (2025)",499.99,899.99,https://api.bestbuy.com/click/-/6625874/pdp,FALSE
2025-11-11T13:46:54Z,6625834,"TCL - 75"" Class QM5K Series 4K UHD HDR QD-Mini LED Smart TV with Google TV (2025)",649.99,1199.99,https://api.bestbuy.com/click/-/6625834/pdp,FALSE
2025-11-11T21:31:42Z,6625835,"TCL - 55"" Class QM5K Series 4K UHD HDR QD-Mini LED Smart TV with Google TV (2025)",349.99,699.99,https://api.bestbuy.com/click/-/6625835/pdp,FALSE
2025-11-11T21:31:42Z,6625874,"TCL - 65"" Class QM5K Series 4K UHD HDR QD-Mini LED Smart TV with Google TV (2025)",499.99,899.99,https://api.bestbuy.com/click/-/6625874/pdp,FALSE
2025-11-11T21:31:42Z,6625834,"TCL - 75"" Class QM5K Series 4K UHD HDR QD-Mini LED Smart TV with Google TV (2025)",649.99,1199.99,https://api.bestbuy.com/click/-/6625834/pdp,FALSE
2025-11-12T13:54:16Z,6625835,"TCL - 55"" Class QM5K Series 4K UHD HDR QD-Mini LED Smart TV with Google TV (2025)",349.99,699.99,https://api.bestbuy.com/click/-/6625835/pdp,FALSE
2025-11-12T13:54:16Z,6625874,"TCL - 65"" Class QM5K Series 4K UHD HDR QD-Mini LED Smart TV with Google TV (2025)",499.99,899.99,https://api.bestbuy.com/click/-/6625874/pdp,FALSE
2025-11-12T13:54:16Z,6625834,"TCL - 75"" Class QM5K Series 4K UHD HDR QD-Mini LED Smart TV with Google TV (2025)",649.99,1199.99,https://api.bestbuy.com/click/-/6625834/pdp,FALSE
2025-11-12T21:33:04Z,6625835,"TCL - 55"" Class QM5K Series 4K UHD HDR QD-Mini LED Smart TV with Google TV (2025)",349.99,699.99,https://api.bestbuy.com/click/-/6625835/pdp,FALSE
2025-11-12T21:33:04Z,6625874,"TCL - 65"" Class QM5K Series 4K UHD HDR QD-Mini LED Smart TV with Google TV (2025)",499.99,899.99,https://api.bestbuy.com/click/-/6625874/pdp,FALSE
2025-11-12T21:33:04Z,6625834,"TCL - 75"" Class QM5K Series 4K UHD HDR QD-Mini LED Smart TV with Google TV (2025)",649.99,1199.99,https://api.bestbuy.com/click/-/6625834/pdp,FALSE
2025-11-13T13:51:59Z,6625835,"TCL - 55"" Class QM5K Series 4K UHD HDR QD-Mini LED Smart TV with Google TV (2025)",349.99,699.99,https://api.bestbuy.com/click/-/6625835/pdp,FALSE
2025-11-13T13:51:59Z,6625874,"TCL - 65"" Class QM5K Series 4K UHD HDR QD-Mini LED Smart TV with Google TV (2025)",499.99,899.99,https://api.bestbuy.com/click/-/6625874/pdp,FALSE
2025-11-13T13:51:59Z,6625834,"TCL - 75"" Class QM5K Series 4K UHD HDR QD-Mini LED Smart TV with Google TV (2025)",649.99,1199.99,https://api.bestbuy.com/click/-/6625834/pdp,FALSE
2025-11-13T21:29:03Z,6625835,"TCL - 55"" Class QM5K Series 4K UHD HDR QD-Mini LED Smart TV with Google TV (2025)",349.99,699.99,https://api.bestbuy.com/click/-/6625835/pdp,FALSE
2025-11-13T21:29:03Z,6625874,"TCL - 65"" Class QM5K Series 4K UHD HDR QD-Mini LED Smart TV with Google TV (2025)",499.99,899.99,https://api.bestbuy.com/click/-/6625874/pdp,FALSE
2025-11-13T21:29:03Z,6625834,"TCL - 75"" Class QM5K Series 4K UHD HDR QD-Mini LED Smart TV with Google TV (2025)",649.99,1199.99,https://api.bestbuy.com/click/-/6625834/pdp,FALSE
2025-11-14T13:50:25Z,6625835,"TCL - 55"" Class QM5K Series 4K UHD HDR QD-Mini LED Smart TV with Google TV (2025)",349.99,699.99,https://api.bestbuy.com/click/-/6625835/pdp,FALSE
2025-11-14T13:50:25Z,6625874,"TCL - 65"" Class QM5K Series 4K UHD HDR QD-Mini LED Smart TV with Google TV (2025)",499.99,899.99,https://api.bestbuy.com/click/-/6625874/pdp,FALSE
2025-11-14T13:50:25Z,6625834,"TCL - 75"" Class QM5K Series 4K UHD HDR QD-Mini LED Smart TV with Google TV (2025)",649.99,1199.99,https://api.bestbuy.com/click/-/6625834/pdp,FALSE
2025-11-14T21:31:51Z,6625835,"TCL - 55"" Class QM5K Series 4K UHD HDR QD-Mini LED Smart TV with Google TV (2025)",349.99,699.99,https://api.bestbuy.com/click/-/6625835/pdp,FALSE
2025-11-14T21:31:51Z,6625874,"TCL - 65"" Class QM5K Series 4K UHD HDR QD-Mini LED Smart TV with Google TV (2025)",499.99,899.99,https://api.bestbuy.com/click/-/6625874/pdp,FALSE
2025-11-14T21:31:51Z,6625834,"TCL - 75"" Class QM5K Series 4K UHD HDR QD-Mini LED Smart TV with Google TV (2025)",649.99,1199.99,https://api.bestbuy.com/click/-/6625834/pdp,FALSE
2025-11-15T13:37:07Z,6625835,"TCL - 55"" Class QM5K Series 4K UHD HDR QD-Mini LED Smart TV with Google TV (2025)",349.99,699.99,https://api.bestbuy.com/click/-/6625835/pdp,FALSE
2025-11-15T13:37:07Z,6625874,"TCL - 65"" Class QM5K Series 4K UHD HDR QD-Mini LED Smart TV with Google TV (2025)",499.99,899.99,https://api.bestbuy.com/click/-/6625874/pdp,FALSE
2025-11-15T13:37:07Z,6625834,"TCL - 75"" Class QM5K Series 4K UHD HDR QD-Mini LED Smart TV with Google TV (2025)",649.99,1199.99,https://api.bestbuy.com/click/-/6625834/pdp,FALSE
2025-11-15T21:27:09Z,6625835,"TCL - 55"" Class QM5K Series 4K UHD HDR QD-Mini LED Smart TV with Google TV (2025)",349.99,699.99,https://api.bestbuy.com/click/-/6625835/pdp,FALSE
2025-11-15T21:27:09Z,6625874,"TCL - 65"" Class QM5K Series 4K UHD HDR QD-Mini LED Smart TV with Google TV (2025)",499.99,899.99,https://api.bestbuy.com/click/-/6625874/pdp,FALSE
2025-11-15T21:27:09Z,6625834,"TCL - 75"" Class QM5K Series 4K UHD HDR QD-Mini LED Smart TV with Google TV (2025)",649.99,1199.99,https://api.bestbuy.com/click/-/6625834/pdp,FALSE
2025-11-16T13:41:53Z,6625835,"TCL - 55"" Class QM5K Series 4K UHD HDR QD-Mini LED Smart TV with Google TV (2025)",349.99,699.99,https://api.bestbuy.com/click/-/6625835/pdp,FALSE
2025-11-16T13:41:53Z,6625874,"TCL - 65"" Class QM5K Series 4K UHD HDR QD-Mini LED Smart TV with Google TV (2025)",499.99,899.99,https://api.bestbuy.com/click/-/6625874/pdp,FALSE
2025-11-16T13:41:53Z,6625834,"TCL - 75"" Class QM5K Series 4K UHD HDR QD-Mini LED Smart TV with Google TV (2025)",649.99,1199.99,https://api.bestbuy.com/click/-/6625834/pdp,FALSE
2025-11-16T21:28:27Z,6625835,"TCL - 55"" Class QM5K Series 4K UHD HDR QD-Mini LED Smart TV with Google TV (2025)",349.99,699.99,https://api.bestbuy.com/click/-/6625835/pdp,FALSE
2025-11-16T21:28:27Z,6625874,"TCL - 65"" Class QM5K Series 4K UHD HDR QD-Mini LED Smart TV with Google TV (2025)",499.99,899.99,https://api.bestbuy.com/click/-/6625874/pdp,FALSE
2025-11-16T21:28:27Z,6625834,"TCL - 75"" Class QM5K Series 4K UHD HDR QD-Mini LED Smart TV with Google TV (2025)",649.99,1199.99,https://api.bestbuy.com/click/-/6625834/pdp,FALSE
2025-11-17T13:49:17Z,6625835,"TCL - 55"" Class QM5K Series 4K UHD HDR QD-Mini LED Smart TV with Google TV (2025)",349.99,699.99,https://api.bestbuy.com/click/-/6625835/pdp,FALSE
2025-11-17T13:49:17Z,6625874,"TCL - 65"" Class QM5K Series 4K UHD HDR QD-Mini LED Smart TV with Google TV (2025)",499.99,899.99,https://api.bestbuy.com/click/-/6625874/pdp,FALSE
2025-11-17T13:49:17Z,6625834,"TCL - 75"" Class QM5K Series 4K UHD HDR QD-Mini LED Smart TV with Google TV (2025)",649.99,1199.99,https://api.bestbuy.com/click/-/6625834/pdp,FALSE
2025-11-17T21:32:46Z,6625835,"TCL - 55"" Class QM5K Series 4K UHD HDR QD-Mini LED Smart TV with Google TV (2025)",349.99,699.99,https://api.bestbuy.com/click/-/6625835/pdp,FALSE
2025-11-17T21:32:46Z,6625874,"TCL - 65"" Class QM5K Series 4K UHD HDR QD-Mini LED Smart TV with Google TV (2025)",499.99,899.99,https://api.bestbuy.com/click/-/6625874/pdp,FALSE
2025-11-17T21:32:46Z,6625834,"TCL - 75"" Class QM5K Series 4K UHD HDR QD-Mini LED Smart TV with Google TV (2025)",649.99,1199.99,https://api.bestbuy.com/click/-/6625834/pdp,FALSE
2025-11-18T13:48:57Z,6625835,"TCL - 55"" Class QM5K Series 4K UHD HDR QD-Mini LED Smart TV with Google TV (2025)",349.99,699.99,https://api.bestbuy.com/click/-/6625835/pdp,FALSE
2025-11-18T13:48:57Z,6625874,"TCL - 65"" Class QM5K Series 4K UHD HDR QD-Mini LED Smart TV with Google TV (2025)",499.99,899.99,https://api.bestbuy.com/click/-/6625874/pdp,FALSE
2025-11-18T13:48:57Z,6625834,"TCL - 75"" Class QM5K Series 4K UHD HDR QD-Mini LED Smart TV with Google TV (2025)",649.99,1199.99,https://api.bestbuy.com/click/-/6625834/pdp,FALSE
2025-11-19T01:16:37Z,6625835,"TCL - 55"" Class QM5K Series 4K UHD HDR QD-Mini LED Smart TV with Google TV (2025)",349.99,699.99,https://api.bestbuy.com/click/-/6625835/pdp,FALSE
2025-11-19T01:16:37Z,6625874,"TCL - 65"" Class QM5K Series 4K UHD HDR QD-Mini LED Smart TV with Google TV (2025)",499.99,899.99,https://api.bestbuy.com/click/-/6625874/pdp,FALSE
2025-11-19T01:16:37Z,6625834,"TCL - 75"" Class QM5K Series 4K UHD HDR QD-Mini LED Smart TV with Google TV (2025)",649.99,1199.99,https://api.bestbuy.com/click/-/6625834/pdp,FALSE
2025-11-19T13:50:18Z,6625835,"TCL - 55"" Class QM5K Series 4K UHD HDR QD-Mini LED Smart TV with Google TV (2025)",349.99,699.99,https://api.bestbuy.com/click/-/6625835/pdp,FALSE
2025-11-19T13:50:18Z,6625874,"TCL - 65"" Class QM5K Series 4K UHD HDR QD-Mini LED Smart TV with Google TV (2025)",499.99,899.99,https://api.bestbuy.com/click/-/6625874/pdp,FALSE
2025-11-19T13:50:18Z,6625834,"TCL - 75"" Class QM5K Series 4K UHD HDR QD-Mini LED Smart TV with Google TV (2025)",649.99,1199.99,https://api.bestbuy.com/click/-/6625834/pdp,FALSE
2025-11-19T21:26:38Z,6625835,"TCL - 55"" Class QM5K Series 4K UHD HDR QD-Mini LED Smart TV with Google TV (2025)",349.99,699.99,https://api.bestbuy.com/click/-/6625835/pdp,FALSE
2025-11-19T21:26:38Z,6625874,"TCL - 65"" Class QM5K Series 4K UHD HDR QD-Mini LED Smart TV with Google TV (2025)",499.99,899.99,https://api.bestbuy.com/click/-/6625874/pdp,FALSE
2025-11-19T21:26:38Z,6625834,"TCL - 75"" Class QM5K Series 4K UHD HDR QD-Mini LED Smart TV with Google TV (2025)",649.99,1199.99,https://api.bestbuy.com/click/-/6625834/pdp,FALSE
2025-11-20T13:45:36Z,6625835,"TCL - 55"" Class QM5K Series 4K UHD HDR QD-Mini LED Smart TV with Google TV (2025)",329.99,699.99,https://api.bestbuy.com/click/-/6625835/pdp,TRUE
2025-11-20T13:45:36Z,6625874,"TCL - 65"" Class QM5K Series 4K UHD HDR QD-Mini LED Smart TV with Google TV (2025)",449.99,899.99,https://api.bestbuy.com/click/-/6625874/pdp,TRUE
2025-11-20T13:45:36Z,6625834,"TCL - 75"" Class QM5K Series 4K UHD HDR QD-Mini LED Smart TV with Google TV (2025)",599.99,1199.99,https://api.bestbuy.com/click/-/6625834/pdp,TRUE
2025-11-20T21:30:10Z,6625835,"TCL - 55"" Class QM5K Series 4K UHD HDR QD-Mini LED Smart TV with Google TV (2025)",329.99,699.99,https://api.bestbuy.com/click/-/6625835/pdp,FALSE
2025-11-20T21:30:10Z,6625874,"TCL - 65"" Class QM5K Series 4K UHD HDR QD-Mini LED Smart TV with Google TV (2025)",449.99,899.99,https://api.bestbuy.com/click/-/6625874/pdp,FALSE
2025-11-20T21:30:10Z,6625834,"TCL - 75"" Class QM5K Series 4K UHD HDR QD-Mini LED Smart TV with Google TV (2025)",599.99,1199.99,https://api.bestbuy.com/click/-/6625834/pdp,FALSE
2025-11-21T13:43:02Z,6625835,"TCL - 55"" Class QM5K Series 4K UHD HDR QD-Mini LED Smart TV with Google TV (2025)",329.99,699.99,https://api.bestbuy.com/click/-/6625835/pdp,FALSE
2025-11-21T13:43:02Z,6625874,"TCL - 65"" Class QM5K Series 4K UHD HDR QD-Mini LED Smart TV with Google TV (2025)",449.99,899.99,https://api.bestbuy.com/click/-/6625874/pdp,FALSE
2025-11-21T13:43:02Z,6625834,"TCL - 75"" Class QM5K Series 4K UHD HDR QD-Mini LED Smart TV with Google TV (2025)",599.99,1199.99,https://api.bestbuy.com/click/-/6625834/pdp,FALSE
2025-11-21T21:30:01Z,6625835,"TCL - 55"" Class QM5K Series 4K UHD HDR QD-Mini LED Smart TV with Google TV (2025)",329.99,699.99,https://api.bestbuy.com/click/-/6625835/pdp,FALSE
2025-11-21T21:30:01Z,6625874,"TCL - 65"" Class QM5K Series 4K UHD HDR QD-Mini LED Smart TV with Google TV (2025)",449.99,899.99,https://api.bestbuy.com/click/-/6625874/pdp,FALSE
2025-11-21T21:30:01Z,6625834,"TCL - 75"" Class QM5K Series 4K UHD HDR QD-Mini LED Smart TV with Google TV (2025)",599.99,1199.99,https://api.bestbuy.com/click/-/6625834/pdp,FALSE
2025-11-22T13:34:53Z,6625835,"TCL - 55"" Class QM5K Series 4K UHD HDR QD-Mini LED Smart TV with Google TV (2025)",329.99,699.99,https://api.bestbuy.com/click/-/6625835/pdp,FALSE
2025-11-22T13:34:53Z,6625874,"TCL - 65"" Class QM5K Series 4K UHD HDR QD-Mini LED Smart TV with Google TV (2025)",449.99,899.99,https://api.bestbuy.com/click/-/6625874/pdp,FALSE
2025-11-22T13:34:53Z,6625834,"TCL - 75"" Class QM5K Series 4K UHD HDR QD-Mini LED Smart TV with Google TV (2025)",599.99,1199.99,https://api.bestbuy.com/click/-/6625834/pdp,FALSE
2025-11-22T21:28:50Z,6625835,"TCL - 55"" Class QM5K Series 4K UHD HDR QD-Mini LED Smart TV with Google TV (2025)",329.99,699.99,https://api.bestbuy.com/click/-/6625835/pdp,FALSE
2025-11-22T21:28:50Z,6625874,"TCL - 65"" Class QM5K Series 4K UHD HDR QD-Mini LED Smart TV with Google TV (2025)",449.99,899.99,https://api.bestbuy.com/click/-/6625874/pdp,FALSE
2025-11-22T21:28:50Z,6625834,"TCL - 75"" Class QM5K Series 4K UHD HDR QD-Mini LED Smart TV with Google TV (2025)",599.99,1199.99,https://api.bestbuy.com/click/-/6625834/pdp,FALSE
2025-11-23T13:34:45Z,6625835,"TCL - 55"" Class QM5K Series 4K UHD HDR QD-Mini LED Smart TV with Google TV (2025)",329.99,699.99,https://api.bestbuy.com/click/-/6625835/pdp,FALSE
2025-11-23T13:34:45Z,6625874,"TCL - 65"" Class QM5K Series 4K UHD HDR QD-Mini LED Smart TV with Google TV (2025)",449.99,899.99,https://api.bestbuy.com/click/-/6625874/pdp,FALSE
2025-11-23T13:34:45Z,6625834,"TCL - 75"" Class QM5K Series 4K UHD HDR QD-Mini LED Smart TV with Google TV (2025)",599.99,1199.99,https://api.bestbuy.com/click/-/6625834/pdp,FALSE
2025-11-23T21:29:56Z,6625835,"TCL - 55"" Class QM5K Series 4K UHD HDR QD-Mini LED Smart TV with Google TV (2025)",329.99,699.99,https://api.bestbuy.com/click/-/6625835/pdp,FALSE
2025-11-23T21:29:56Z,6625874,"TCL - 65"" Class QM5K Series 4K UHD HDR QD-Mini LED Smart TV with Google TV (2025)",449.99,899.99,https://api.bestbuy.com/click/-/6625874/pdp,FALSE
2025-11-23T21:29:56Z,6625834,"TCL - 75"" Class QM5K Series 4K UHD HDR QD-Mini LED Smart TV with Google TV (2025)",599.99,1199.99,https://api.bestbuy.com/click/-/6625834/pdp,FALSE
2025-11-24T13:52:31Z,6625835,"TCL - 55"" Class QM5K Series 4K UHD HDR QD-Mini LED Smart TV with Google TV (2025)",329.99,699.99,https://api.bestbuy.com/click/-/6625835/pdp,FALSE
2025-11-24T13:52:31Z,6625874,"TCL - 65"" Class QM5K Series 4K UHD HDR QD-Mini LED Smart TV with Google TV (2025)",449.99,899.99,https://api.bestbuy.com/click/-/6625874/pdp,FALSE
2025-11-24T13:52:31Z,6625834,"TCL - 75"" Class QM5K Series 4K UHD HDR QD-Mini LED Smart TV with Google TV (2025)",599.99,1199.99,https://api.bestbuy.com/click/-/6625834/pdp,FALSE
2025-11-24T21:33:02Z,6625835,"TCL - 55"" Class QM5K Series 4K UHD HDR QD-Mini LED Smart TV with Google TV (2025)",329.99,699.99,https://api.bestbuy.com/click/-/6625835/pdp,FALSE
2025-11-24T21:33:02Z,6625874,"TCL - 65"" Class QM5K Series 4K UHD HDR QD-Mini LED Smart TV with Google TV (2025)",449.99,899.99,https://api.bestbuy.com/click/-/6625874/pdp,FALSE
2025-11-24T21:33:02Z,6625834,"TCL - 75"" Class QM5K Series 4K UHD HDR QD-Mini LED Smart TV with Google TV (2025)",599.99,1199.99,https://api.bestbuy.com/click/-/6625834/pdp,FALSE
2025-11-25T13:51:38Z,6625835,"TCL - 55"" Class QM5K Series 4K UHD HDR QD-Mini LED Smart TV with Google TV (2025)",329.99,699.99,https://api.bestbuy.com/click/-/6625835/pdp,FALSE
2025-11-25T13:51:38Z,6625874,"TCL - 65"" Class QM5K Series 4K UHD HDR QD-Mini LED Smart TV with Google TV (2025)",449.99,899.99,https://api.bestbuy.com/click/-/6625874/pdp,FALSE
2025-11-25T13:51:38Z,6625834,"TCL - 75"" Class QM5K Series 4K UHD HDR QD-Mini LED Smart TV with Google TV (2025)",599.99,1199.99,https://api.bestbuy.com/click/-/6625834/pdp,FALSE
2025-11-25T21:31:47Z,6625835,"TCL - 55"" Class QM5K Series 4K UHD HDR QD-Mini LED Smart TV with Google TV (2025)",329.99,699.99,https://api.bestbuy.com/click/-/6625835/pdp,FALSE
2025-11-25T21:31:47Z,6625874,"TCL - 65"" Class QM5K Series 4K UHD HDR QD-Mini LED Smart TV with Google TV (2025)",449.99,899.99,https://api.bestbuy.com/click/-/6625874/pdp,FALSE
2025-11-25T21:31:47Z,6625834,"TCL - 75"" Class QM5K Series 4K UHD HDR QD-Mini LED Smart TV with Google TV (2025)",599.99,1199.99,https://api.bestbuy.com/click/-/6625834/pdp,FALSE
2025-11-26T13:52:43Z,6625835,"TCL - 55"" Class QM5K Series 4K UHD HDR QD-Mini LED Smart TV with Google TV (2025)",329.99,699.99,https://api.bestbuy.com/click/-/6625835/pdp,FALSE
2025-11-26T13:52:43Z,6625874,"TCL - 65"" Class QM5K Series 4K UHD HDR QD-Mini LED Smart TV with Google TV (2025)",449.99,899.99,https://api.bestbuy.com/click/-/6625874/pdp,FALSE
2025-11-26T13:52:43Z,6625834,"TCL - 75"" Class QM5K Series 4K UHD HDR QD-Mini LED Smart TV with Google TV (2025)",599.99,1199.99,https://api.bestbuy.com/click/-/6625834/pdp,FALSE
2025-11-26T21:30:10Z,6625835,"TCL - 55"" Class QM5K Series 4K UHD HDR QD-Mini LED Smart TV with Google TV (2025)",329.99,699.99,https://api.bestbuy.com/click/-/6625835/pdp,FALSE
2025-11-26T21:30:10Z,6625874,"TCL - 65"" Class QM5K Series 4K UHD HDR QD-Mini LED Smart TV with Google TV (2025)",449.99,899.99,https://api.bestbuy.com/click/-/6625874/pdp,FALSE
2025-11-26T21:30:10Z,6625834,"TCL - 75"" Class QM5K Series 4K UHD HDR QD-Mini LED Smart TV with Google TV (2025)",599.99,1199.99,https://api.bestbuy.com/click/-/6625834/pdp,FALSE
2025-11-27T13:49:59Z,6625835,"TCL - 55"" Class QM5K Series 4K UHD HDR QD-Mini LED Smart TV with Google TV (2025)",329.99,699.99,https://api.bestbuy.com/click/-/6625835/pdp,FALSE
2025-11-27T13:49:59Z,6625874,"TCL - 65"" Class QM5K Series 4K UHD HDR QD-Mini LED Smart TV with Google TV (2025)",449.99,899.99,https://api.bestbuy.com/click/-/6625874/pdp,FALSE
2025-11-27T13:49:59Z,6625834,"TCL - 75"" Class QM5K Series 4K UHD HDR QD-Mini LED Smart TV with Google TV (2025)",599.99,1199.99,https://api.bestbuy.com/click/-/6625834/pdp,FALSE
2025-11-27T21:29:24Z,6625835,"TCL - 55"" Class QM5K Series 4K UHD HDR QD-Mini LED Smart TV with Google TV (2025)",329.99,699.99,https://api.bestbuy.com/click/-/6625835/pdp,FALSE
2025-11-27T21:29:24Z,6625874,"TCL - 65"" Class QM5K Series 4K UHD HDR QD-Mini LED Smart TV with Google TV (2025)",449.99,899.99,https://api.bestbuy.com/click/-/6625874/pdp,FALSE
2025-11-27T21:29:24Z,6625834,"TCL - 75"" Class QM5K Series 4K UHD HDR QD-Mini LED Smart TV with Google TV (2025)",599.99,1199.99,https://api.bestbuy.com/click/-/6625834/pdp,FALSE
2025-11-28T13:46:18Z,6625835,"TCL - 55"" Class QM5K Series 4K UHD HDR QD-Mini LED Smart TV with Google TV (2025)",329.99,699.99,https://api.bestbuy.com/click/-/6625835/pdp,FALSE
2025-11-28T13:46:18Z,6625874,"TCL - 65"" Class QM5K Series 4K UHD HDR QD-Mini LED Smart TV with Google TV (2025)",449.99,899.99,https://api.bestbuy.com/click/-/6625874/pdp,FALSE
2025-11-28T13:46:18Z,6625834,"TCL - 75"" Class QM5K Series 4K UHD HDR QD-Mini LED Smart TV with Google TV (2025)",599.99,1199.99,https://api.bestbuy.com/click/-/6625834/pdp,FALSE
2025-11-28T21:29:32Z,6625835,"TCL - 55"" Class QM5K Series 4K UHD HDR QD-Mini LED Smart TV with Google TV (2025)",329.99,699.99,https://api.bestbuy.com/click/-/6625835/pdp,FALSE
2025-11-28T21:29:32Z,6625874,"TCL - 65"" Class QM5K Series 4K UHD HDR QD-Mini LED Smart TV with Google TV (2025)",449.99,899.99,https://api.bestbuy.com/click/-/6625874/pdp,FALSE
2025-11-28T21:29:32Z,6625834,"TCL - 75"" Class QM5K Series 4K UHD HDR QD-Mini LED Smart TV with Google TV (2025)",599.99,1199.99,https://api.bestbuy.com/click/-/6625834/pdp,FALSE
2025-11-29T13:39:36Z,6625835,"TCL - 55"" Class QM5K Series 4K UHD HDR QD-Mini LED Smart TV with Google TV (2025)",329.99,699.99,https://api.bestbuy.com/click/-/6625835/pdp,FALSE
2025-11-29T13:39:36Z,6625874,"TCL - 65"" Class QM5K Series 4K UHD HDR QD-Mini LED Smart TV with Google TV (2025)",449.99,899.99,https://api.bestbuy.com/click/-/6625874/pdp,FALSE
2025-11-29T13:39:36Z,6625834,"TCL - 75"" Class QM5K Series 4K UHD HDR QD-Mini LED Smart TV with Google TV (2025)",599.99,1199.99,https://api.bestbuy.com/click/-/6625834/pdp,FALSE
2025-11-29T21:29:31Z,6625835,"TCL - 55"" Class QM5K Series 4K UHD HDR QD-Mini LED Smart TV with Google TV (2025)",329.99,699.99,https://api.bestbuy.com/click/-/6625835/pdp,FALSE
2025-11-29T21:29:31Z,6625874,"TCL - 65"" Class QM5K Series 4K UHD HDR QD-Mini LED Smart TV with Google TV (2025)",449.99,899.99,https://api.bestbuy.com/click/-/6625874/pdp,FALSE
2025-11-29T21:29:31Z,6625834,"TCL - 75"" Class QM5K Series 4K UHD HDR QD-Mini LED Smart TV with Google TV (2025)",599.99,1199.99,https://api.bestbuy.com/click/-/6625834/pdp,FALSE
2025-11-30T13:40:02Z,6625835,"TCL - 55"" Class QM5K Series 4K UHD HDR QD-Mini LED Smart TV with Google TV (2025)",329.99,699.99,https://api.bestbuy.com/click/-/6625835/pdp,FALSE
2025-11-30T13:40:02Z,6625874,"TCL - 65"" Class QM5K Series 4K UHD HDR QD-Mini LED Smart TV with Google TV (2025)",399.99,899.99,https://api.bestbuy.com/click/-/6625874/pdp,TRUE
2025-11-30T13:40:02Z,6625834,"TCL - 75"" Class QM5K Series 4K UHD HDR QD-Mini LED Smart TV with Google TV (2025)",599.99,1199.99,https://api.bestbuy.com/click/-/6625834/pdp,FALSE
2025-11-30T21:30:01Z,6625835,"TCL - 55"" Class QM5K Series 4K UHD HDR QD-Mini LED Smart TV with Google TV (2025)",329.99,699.99,https://api.bestbuy.com/click/-/6625835/pdp,FALSE
2025-11-30T21:30:01Z,6625874,"TCL - 65"" Class QM5K Series 4K UHD HDR QD-Mini LED Smart TV with Google TV (2025)",399.99,899.99,https://api.bestbuy.com/click/-/6625874/pdp,FALSE
2025-11-30T21:30:01Z,6625834,"TCL - 75"" Class QM5K Series 4K UHD HDR QD-Mini LED Smart TV with Google TV (2025)",599.99,1199.99,https://api.bestbuy.com/click/-/6625834/pdp,FALSE
2025-12-01T13:53:29Z,6625835,"TCL - 55"" Class QM5K Series 4K UHD HDR QD-Mini LED Smart TV with Google TV (2025)",329.99,699.99,https://api.bestbuy.com/click/-/6625835/pdp,FALSE
2025-12-01T13:53:29Z,6625874,"TCL - 65"" Class QM5K Series 4K UHD HDR QD-Mini LED Smart TV with Google TV (2025)",449.99,899.99,https://api.bestbuy.com/click/-/6625874/pdp,TRUE
2025-12-01T13:53:29Z,6625834,"TCL - 75"" Class QM5K Series 4K UHD HDR QD-Mini LED Smart TV with Google TV (2025)",599.99,1199.99,https://api.bestbuy.com/click/-/6625834/pdp,FALSE
2025-12-01T21:29:03Z,6625835,"TCL - 55"" Class QM5K Series 4K UHD HDR QD-Mini LED Smart TV with Google TV (2025)",329.99,699.99,https://api.bestbuy.com/click/-/6625835/pdp,FALSE
2025-12-01T21:29:03Z,6625874,"TCL - 65"" Class QM5K Series 4K UHD HDR QD-Mini LED Smart TV with Google TV (2025)",449.99,899.99,https://api.bestbuy.com/click/-/6625874/pdp,FALSE
2025-12-01T21:29:03Z,6625834,"TCL - 75"" Class QM5K Series 4K UHD HDR QD-Mini LED Smart TV with Google TV (2025)",599.99,1199.99,https://api.bestbuy.com/click/-/6625834/pdp,FALSE
2025-12-02T13:55:34Z,6625835,"TCL - 55"" Class QM5K Series 4K UHD HDR QD-Mini LED Smart TV with Google TV (2025)",349.99,699.99,https://api.bestbuy.com/click/-/6625835/pdp,TRUE
2025-12-02T13:55:34Z,6625874,"TCL - 65"" Class QM5K Series 4K UHD HDR QD-Mini LED Smart TV with Google TV (2025)",469.99,899.99,https://api.bestbuy.com/click/-/6625874/pdp,TRUE
2025-12-02T13:55:34Z,6625834,"TCL - 75"" Class QM5K Series 4K UHD HDR QD-Mini LED Smart TV with Google TV (2025)",649.99,1199.99,https://api.bestbuy.com/click/-/6625834/pdp,TRUE
2025-12-02T21:31:33Z,6625835,"TCL - 55"" Class QM5K Series 4K UHD HDR QD-Mini LED Smart TV with Google TV (2025)",349.99,699.99,https://api.bestbuy.com/click/-/6625835/pdp,FALSE
2025-12-02T21:31:33Z,6625874,"TCL - 65"" Class QM5K Series 4K UHD HDR QD-Mini LED Smart TV with Google TV (2025)",469.99,899.99,https://api.bestbuy.com/click/-/6625874/pdp,FALSE
2025-12-02T21:31:33Z,6625834,"TCL - 75"" Class QM5K Series 4K UHD HDR QD-Mini LED Smart TV with Google TV (2025)",649.99,1199.99,https://api.bestbuy.com/click/-/6625834/pdp,FALSE
2025-12-03T13:55:23Z,6625835,"TCL - 55"" Class QM5K Series 4K UHD HDR QD-Mini LED Smart TV with Google TV (2025)",349.99,699.99,https://api.bestbuy.com/click/-/6625835/pdp,FALSE
2025-12-03T13:55:23Z,6625874,"TCL - 65"" Class QM5K Series 4K UHD HDR QD-Mini LED Smart TV with Google TV (2025)",469.99,899.99,https://api.bestbuy.com/click/-/6625874/pdp,FALSE
2025-12-03T13:55:23Z,6625834,"TCL - 75"" Class QM5K Series 4K UHD HDR QD-Mini LED Smart TV with Google TV (2025)",649.99,1199.99,https://api.bestbuy.com/click/-/6625834/pdp,FALSE
2025-12-03T21:29:12Z,6625835,"TCL - 55"" Class QM5K Series 4K UHD HDR QD-Mini LED Smart TV with Google TV (2025)",349.99,699.99,https://api.bestbuy.com/click/-/6625835/pdp,FALSE
2025-12-03T21:29:12Z,6625874,"TCL - 65"" Class QM5K Series 4K UHD HDR QD-Mini LED Smart TV with Google TV (2025)",469.99,899.99,https://api.bestbuy.com/click/-/6625874/pdp,FALSE
2025-12-03T21:29:12Z,6625834,"TCL - 75"" Class QM5K Series 4K UHD HDR QD-Mini LED Smart TV with Google TV (2025)",649.99,1199.99,https://api.bestbuy.com/click/-/6625834/pdp,FALSE
2025-12-04T13:55:19Z,6625835,"TCL - 55"" Class QM5K Series 4K UHD HDR QD-Mini LED Smart TV with Google TV (2025)",349.99,699.99,https://api.bestbuy.com/click/-/6625835/pdp,FALSE
2025-12-04T13:55:19Z,6625874,"TCL - 65"" Class QM5K Series 4K UHD HDR QD-Mini LED Smart TV with Google TV (2025)",469.99,899.99,https://api.bestbuy.com/click/-/6625874/pdp,FALSE
2025-12-04T13:55:19Z,6625834,"TCL - 75"" Class QM5K Series 4K UHD HDR QD-Mini LED Smart TV with Google TV (2025)",649.99,1199.99,https://api.bestbuy.com/click/-/6625834/pdp,FALSE
2025-12-04T21:32:58Z,6625835,"TCL - 55"" Class QM5K Series 4K UHD HDR QD-Mini LED Smart TV with Google TV (2025)",349.99,699.99,https://api.bestbuy.com/click/-/6625835/pdp,FALSE
2025-12-04T21:32:58Z,6625874,"TCL - 65"" Class QM5K Series 4K UHD HDR QD-Mini LED Smart TV with Google TV (2025)",469.99,899.99,https://api.bestbuy.com/click/-/6625874/pdp,FALSE
2025-12-04T21:32:58Z,6625834,"TCL - 75"" Class QM5K Series 4K UHD HDR QD-Mini LED Smart TV with Google TV (2025)",649.99,1199.99,https://api.bestbuy.com/click/-/6625834/pdp,FALSE
2025-12-05T13:50:13Z,6625835,"TCL - 55"" Class QM5K Series 4K UHD HDR QD-Mini LED Smart TV with Google TV (2025)",349.99,699.99,https://api.bestbuy.com/click/-/6625835/pdp,FALSE
2025-12-05T13:50:13Z,6625874,"TCL - 65"" Class QM5K Series 4K UHD HDR QD-Mini LED Smart TV with Google TV (2025)",469.99,899.99,https://api.bestbuy.com/click/-/6625874/pdp,FALSE
2025-12-05T13:50:13Z,6625834,"TCL - 75"" Class QM5K Series 4K UHD HDR QD-Mini LED Smart TV with Google TV (2025)",649.99,1199.99,https://api.bestbuy.com/click/-/6625834/pdp,FALSE
2025-12-05T21:32:00Z,6625835,"TCL - 55"" Class QM5K Series 4K UHD HDR QD-Mini LED Smart TV with Google TV (2025)",349.99,699.99,https://api.bestbuy.com/click/-/6625835/pdp,FALSE
2025-12-05T21:32:00Z,6625874,"TCL - 65"" Class QM5K Series 4K UHD HDR QD-Mini LED Smart TV with Google TV (2025)",469.99,899.99,https://api.bestbuy.com/click/-/6625874/pdp,FALSE
2025-12-05T21:32:00Z,6625834,"TCL - 75"" Class QM5K Series 4K UHD HDR QD-Mini LED Smart TV with Google TV (2025)",649.99,1199.99,https://api.bestbuy.com/click/-/6625834/pdp,FALSE
2025-12-06T13:39:56Z,6625835,"TCL - 55"" Class QM5K Series 4K UHD HDR QD-Mini LED Smart TV with Google TV (2025)",349.99,699.99,https://api.bestbuy.com/click/-/6625835/pdp,FALSE
2025-12-06T13:39:56Z,6625874,"TCL - 65"" Class QM5K Series 4K UHD HDR QD-Mini LED Smart TV with Google TV (2025)",469.99,899.99,https://api.bestbuy.com/click/-/6625874/pdp,FALSE
2025-12-06T13:39:56Z,6625834,"TCL - 75"" Class QM5K Series 4K UHD HDR QD-Mini LED Smart TV with Google TV (2025)",649.99,1199.99,https://api.bestbuy.com/click/-/6625834/pdp,FALSE
2025-12-06T21:29:10Z,6625835,"TCL - 55"" Class QM5K Series 4K UHD HDR QD-Mini LED Smart TV with Google TV (2025)",349.99,699.99,https://api.bestbuy.com/click/-/6625835/pdp,FALSE
2025-12-06T21:29:10Z,6625874,"TCL - 65"" Class QM5K Series 4K UHD HDR QD-Mini LED Smart TV with Google TV (2025)",469.99,899.99,https://api.bestbuy.com/click/-/6625874/pdp,FALSE
2025-12-06T21:29:10Z,6625834,"TCL - 75"" Class QM5K Series 4K UHD HDR QD-Mini LED Smart TV with Google TV (2025)",649.99,1199.99,https://api.bestbuy.com/click/-/6625834/pdp,FALSE
2025-12-07T13:21:42Z,6625835,"TCL - 55"" Class QM5K Series 4K UHD HDR QD-Mini LED Smart TV with Google TV (2025)",349.99,699.99,https://api.bestbuy.com/click/-/6625835/pdp,FALSE
2025-12-07T13:21:42Z,6625874,"TCL - 65"" Class QM5K Series 4K UHD HDR QD-Mini LED Smart TV with Google TV (2025)",469.99,899.99,https://api.bestbuy.com/click/-/6625874/pdp,FALSE
2025-12-07T13:21:42Z,6625834,"TCL - 75"" Class QM5K Series 4K UHD HDR QD-Mini LED Smart TV with Google TV (2025)",649.99,1199.99,https://api.bestbuy.com/click/-/6625834/pdp,FALSE
2025-12-07T21:12:41Z,6625835,"TCL - 55"" Class QM5K Series 4K UHD HDR QD-Mini LED Smart TV with Google TV (2025)",349.99,699.99,https://api.bestbuy.com/click/-/6625835/pdp,FALSE
2025-12-07T21:12:41Z,6625874,"TCL - 65"" Class QM5K Series 4K UHD HDR QD-Mini LED Smart TV with Google TV (2025)",469.99,899.99,https://api.bestbuy.com/click/-/6625874/pdp,FALSE
2025-12-07T21:12:41Z,6625834,"TCL - 75"" Class QM5K Series 4K UHD HDR QD-Mini LED Smart TV with Google TV (2025)",649.99,1199.99,https://api.bestbuy.com/click/-/6625834/pdp,FALSE
2025-12-08T13:31:38Z,6625835,"TCL - 55"" Class QM5K Series 4K UHD HDR QD-Mini LED Smart TV with Google TV (2025)",349.99,699.99,https://api.bestbuy.com/click/-/6625835/pdp,FALSE
2025-12-08T13:31:38Z,6625874,"TCL - 65"" Class QM5K Series 4K UHD HDR QD-Mini LED Smart TV with Google TV (2025)",469.99,899.99,https://api.bestbuy.com/click/-/6625874/pdp,FALSE
2025-12-08T13:31:38Z,6625834,"TCL - 75"" Class QM5K Series 4K UHD HDR QD-Mini LED Smart TV with Google TV (2025)",649.99,1199.99,https://api.bestbuy.com/click/-/6625834/pdp,FALSE
2025-12-08T21:13:49Z,6625835,"TCL - 55"" Class QM5K Series 4K UHD HDR QD-Mini LED Smart TV with Google TV (2025)",349.99,699.99,https://api.bestbuy.com/click/-/6625835/pdp,FALSE
2025-12-08T21:13:49Z,6625874,"TCL - 65"" Class QM5K Series 4K UHD HDR QD-Mini LED Smart TV with Google TV (2025)",469.99,899.99,https://api.bestbuy.com/click/-/6625874/pdp,FALSE
2025-12-08T21:13:49Z,6625834,"TCL - 75"" Class QM5K Series 4K UHD HDR QD-Mini LED Smart TV with Google TV (2025)",649.99,1199.99,https://api.bestbuy.com/click/-/6625834/pdp,FALSE
2025-12-09T13:32:49Z,6625835,"TCL - 55"" Class QM5K Series 4K UHD HDR QD-Mini LED Smart TV with Google TV (2025)",349.99,699.99,https://api.bestbuy.com/click/-/6625835/pdp,FALSE
2025-12-09T13:32:49Z,6625874,"TCL - 65"" Class QM5K Series 4K UHD HDR QD-Mini LED Smart TV with Google TV (2025)",469.99,899.99,https://api.bestbuy.com/click/-/6625874/pdp,FALSE
2025-12-09T13:32:49Z,6625834,"TCL - 75"" Class QM5K Series 4K UHD HDR QD-Mini LED Smart TV with Google TV (2025)",649.99,1199.99,https://api.bestbuy.com/click/-/6625834/pdp,FALSE
2025-12-09T21:13:41Z,6625835,"TCL - 55"" Class QM5K Series 4K UHD HDR QD-Mini LED Smart TV with Google TV (2025)",349.99,699.99,https://api.bestbuy.com/click/-/6625835/pdp,FALSE
2025-12-09T21:13:41Z,6625874,"TCL - 65"" Class QM5K Series 4K UHD HDR QD-Mini LED Smart TV with Google TV (2025)",469.99,899.99,https://api.bestbuy.com/click/-/6625874/pdp,FALSE
2025-12-09T21:13:41Z,6625834,"TCL - 75"" Class QM5K Series 4K UHD HDR QD-Mini LED Smart TV with Google TV (2025)",649.99,1199.99,https://api.bestbuy.com/click/-/6625834/pdp,FALSE
2025-12-10T13:33:49Z,6625835,"TCL - 55"" Class QM5K Series 4K UHD HDR QD-Mini LED Smart TV with Google TV (2025)",349.99,699.99,https://api.bestbuy.com/click/-/6625835/pdp,FALSE
2025-12-10T13:33:49Z,6625874,"TCL - 65"" Class QM5K Series 4K UHD HDR QD-Mini LED Smart TV with Google TV (2025)",469.99,899.99,https://api.bestbuy.com/click/-/6625874/pdp,FALSE
2025-12-10T13:33:49Z,6625834,"TCL - 75"" Class QM5K Series 4K UHD HDR QD-Mini LED Smart TV with Google TV (2025)",649.99,1199.99,https://api.bestbuy.com/click/-/6625834/pdp,FALSE
2025-12-10T21:17:33Z,6625835,"TCL - 55"" Class QM5K Series 4K UHD HDR QD-Mini LED Smart TV with Google TV (2025)",349.99,699.99,https://api.bestbuy.com/click/-/6625835/pdp,FALSE
2025-12-10T21:17:33Z,6625874,"TCL - 65"" Class QM5K Series 4K UHD HDR QD-Mini LED Smart TV with Google TV (2025)",469.99,899.99,https://api.bestbuy.com/click/-/6625874/pdp,FALSE
2025-12-10T21:17:33Z,6625834,"TCL - 75"" Class QM5K Series 4K UHD HDR QD-Mini LED Smart TV with Google TV (2025)",649.99,1199.99,https://api.bestbuy.com/click/-/6625834/pdp,FALSE
2025-12-11T13:35:40Z,6625835,"TCL - 55"" Class QM5K Series 4K UHD HDR QD-Mini LED Smart TV with Google TV (2025)",349.99,699.99,https://api.bestbuy.com/click/-/6625835/pdp,FALSE
2025-12-11T13:35:40Z,6625874,"TCL - 65"" Class QM5K Series 4K UHD HDR QD-Mini LED Smart TV with Google TV (2025)",469.99,899.99,https://api.bestbuy.com/click/-/6625874/pdp,FALSE
2025-12-11T13:35:40Z,6625834,"TCL - 75"" Class QM5K Series 4K UHD HDR QD-Mini LED Smart TV with Google TV (2025)",649.99,1199.99,https://api.bestbuy.com/click/-/6625834/pdp,FALSE
2025-12-11T21:17:40Z,6625835,"TCL - 55"" Class QM5K Series 4K UHD HDR QD-Mini LED Smart TV with Google TV (2025)",349.99,699.99,https://api.bestbuy.com/click/-/6625835/pdp,FALSE
2025-12-11T21:17:40Z,6625874,"TCL - 65"" Class QM5K Series 4K UHD HDR QD-Mini LED Smart TV with Google TV (2025)",469.99,899.99,https://api.bestbuy.com/click/-/6625874/pdp,FALSE
2025-12-11T21:17:40Z,6625834,"TCL - 75"" Class QM5K Series 4K UHD HDR QD-Mini LED Smart TV with Google TV (2025)",649.99,1199.99,https://api.bestbuy.com/click/-/6625834/pdp,FALSE
2025-12-12T13:31:47Z,6625835,"TCL - 55"" Class QM5K Series 4K UHD HDR QD-Mini LED Smart TV with Google TV (2025)",329.99,699.99,https://api.bestbuy.com/click/-/6625835/pdp,TRUE
2025-12-12T13:31:47Z,6625874,"TCL - 65"" Class QM5K Series 4K UHD HDR QD-Mini LED Smart TV with Google TV (2025)",469.99,899.99,https://api.bestbuy.com/click/-/6625874/pdp,FALSE
2025-12-12T13:31:47Z,6625834,"TCL - 75"" Class QM5K Series 4K UHD HDR QD-Mini LED Smart TV with Google TV (2025)",649.99,1199.99,https://api.bestbuy.com/click/-/6625834/pdp,FALSE
2025-12-12T21:14:56Z,6625835,"TCL - 55"" Class QM5K Series 4K UHD HDR QD-Mini LED Smart TV with Google TV (2025)",329.99,699.99,https://api.bestbuy.com/click/-/6625835/pdp,FALSE
2025-12-12T21:14:56Z,6625874,"TCL - 65"" Class QM5K Series 4K UHD HDR QD-Mini LED Smart TV with Google TV (2025)",469.99,899.99,https://api.bestbuy.com/click/-/6625874/pdp,FALSE
2025-12-12T21:14:56Z,6625834,"TCL - 75"" Class QM5K Series 4K UHD HDR QD-Mini LED Smart TV with Google TV (2025)",649.99,1199.99,https://api.bestbuy.com/click/-/6625834/pdp,FALSE
2025-12-13T13:23:33Z,6625835,"TCL - 55"" Class QM5K Series 4K UHD HDR QD-Mini LED Smart TV with Google TV (2025)",329.99,699.99,https://api.bestbuy.com/click/-/6625835/pdp,FALSE
2025-12-13T13:23:33Z,6625874,"TCL - 65"" Class QM5K Series 4K UHD HDR QD-Mini LED Smart TV with Google TV (2025)",469.99,899.99,https://api.bestbuy.com/click/-/6625874/pdp,FALSE
2025-12-13T13:23:33Z,6625834,"TCL - 75"" Class QM5K Series 4K UHD HDR QD-Mini LED Smart TV with Google TV (2025)",649.99,1199.99,https://api.bestbuy.com/click/-/6625834/pdp,FALSE
2025-12-13T21:13:16Z,6625835,"TCL - 55"" Class QM5K Series 4K UHD HDR QD-Mini LED Smart TV with Google TV (2025)",329.99,699.99,https://api.bestbuy.com/click/-/6625835/pdp,FALSE
2025-12-13T21:13:16Z,6625874,"TCL - 65"" Class QM5K Series 4K UHD HDR QD-Mini LED Smart TV with Google TV (2025)",469.99,899.99,https://api.bestbuy.com/click/-/6625874/pdp,FALSE
2025-12-13T21:13:16Z,6625834,"TCL - 75"" Class QM5K Series 4K UHD HDR QD-Mini LED Smart TV with Google TV (2025)",649.99,1199.99,https://api.bestbuy.com/click/-/6625834/pdp,FALSE
2025-12-14T13:23:50Z,6625835,"TCL - 55"" Class QM5K Series 4K UHD HDR QD-Mini LED Smart TV with Google TV (2025)",329.99,699.99,https://api.bestbuy.com/click/-/6625835/pdp,FALSE
2025-12-14T13:23:50Z,6625874,"TCL - 65"" Class QM5K Series 4K UHD HDR QD-Mini LED Smart TV with Google TV (2025)",469.99,899.99,https://api.bestbuy.com/click/-/6625874/pdp,FALSE
2025-12-14T13:23:50Z,6625834,"TCL - 75"" Class QM5K Series 4K UHD HDR QD-Mini LED Smart TV with Google TV (2025)",649.99,1199.99,https://api.bestbuy.com/click/-/6625834/pdp,FALSE
2025-12-14T21:14:16Z,6625835,"TCL - 55"" Class QM5K Series 4K UHD HDR QD-Mini LED Smart TV with Google TV (2025)",329.99,699.99,https://api.bestbuy.com/click/-/6625835/pdp,FALSE
2025-12-14T21:14:16Z,6625874,"TCL - 65"" Class QM5K Series 4K UHD HDR QD-Mini LED Smart TV with Google TV (2025)",469.99,899.99,https://api.bestbuy.com/click/-/6625874/pdp,FALSE
2025-12-14T21:14:16Z,6625834,"TCL - 75"" Class QM5K Series 4K UHD HDR QD-Mini LED Smart TV with Google TV (2025)",649.99,1199.99,https://api.bestbuy.com/click/-/6625834/pdp,FALSE
2025-12-15T13:37:49Z,6625835,"TCL - 55"" Class QM5K Series 4K UHD HDR QD-Mini LED Smart TV with Google TV (2025)",349.99,699.99,https://api.bestbuy.com/click/-/6625835/pdp,TRUE
2025-12-15T13:37:49Z,6625874,"TCL - 65"" Class QM5K Series 4K UHD HDR QD-Mini LED Smart TV with Google TV (2025)",469.99,899.99,https://api.bestbuy.com/click/-/6625874/pdp,FALSE
2025-12-15T13:37:49Z,6625834,"TCL - 75"" Class QM5K Series 4K UHD HDR QD-Mini LED Smart TV with Google TV (2025)",649.99,1199.99,https://api.bestbuy.com/click/-/6625834/pdp,FALSE
2025-12-15T21:15:57Z,6625835,"TCL - 55"" Class QM5K Series 4K UHD HDR QD-Mini LED Smart TV with Google TV (2025)",349.99,699.99,https://api.bestbuy.com/click/-/6625835/pdp,FALSE
2025-12-15T21:15:57Z,6625874,"TCL - 65"" Class QM5K Series 4K UHD HDR QD-Mini LED Smart TV with Google TV (2025)",469.99,899.99,https://api.bestbuy.com/click/-/6625874/pdp,FALSE
2025-12-15T21:15:57Z,6625834,"TCL - 75"" Class QM5K Series 4K UHD HDR QD-Mini LED Smart TV with Google TV (2025)",649.99,1199.99,https://api.bestbuy.com/click/-/6625834/pdp,FALSE
2025-12-16T13:35:26Z,6625835,"TCL - 55"" Class QM5K Series 4K UHD HDR QD-Mini LED Smart TV with Google TV (2025)",349.99,699.99,https://api.bestbuy.com/click/-/6625835/pdp,FALSE
2025-12-16T13:35:26Z,6625874,"TCL - 65"" Class QM5K Series 4K UHD HDR QD-Mini LED Smart TV with Google TV (2025)",469.99,899.99,https://api.bestbuy.com/click/-/6625874/pdp,FALSE
2025-12-16T13:35:26Z,6625834,"TCL - 75"" Class QM5K Series 4K UHD HDR QD-Mini LED Smart TV with Google TV (2025)",649.99,1199.99,https://api.bestbuy.com/click/-/6625834/pdp,FALSE
2025-12-16T21:16:42Z,6625835,"TCL - 55"" Class QM5K Series 4K UHD HDR QD-Mini LED Smart TV with Google TV (2025)",349.99,699.99,https://api.bestbuy.com/click/-/6625835/pdp,FALSE
2025-12-16T21:16:42Z,6625874,"TCL - 65"" Class QM5K Series 4K UHD HDR QD-Mini LED Smart TV with Google TV (2025)",469.99,899.99,https://api.bestbuy.com/click/-/6625874/pdp,FALSE
2025-12-16T21:16:42Z,6625834,"TCL - 75"" Class QM5K Series 4K UHD HDR QD-Mini LED Smart TV with Google TV (2025)",649.99,1199.99,https://api.bestbuy.com/click/-/6625834/pdp,FALSE
2025-12-17T13:30:37Z,6625835,"TCL - 55"" Class QM5K Series 4K UHD HDR QD-Mini LED Smart TV with Google TV (2025)",349.99,699.99,https://api.bestbuy.com/click/-/6625835/pdp,FALSE
2025-12-17T13:30:37Z,6625874,"TCL - 65"" Class QM5K Series 4K UHD HDR QD-Mini LED Smart TV with Google TV (2025)",469.99,899.99,https://api.bestbuy.com/click/-/6625874/pdp,FALSE
2025-12-17T13:30:37Z,6625834,"TCL - 75"" Class QM5K Series 4K UHD HDR QD-Mini LED Smart TV with Google TV (2025)",649.99,1199.99,https://api.bestbuy.com/click/-/6625834/pdp,FALSE
2025-12-17T21:16:21Z,6625835,"TCL - 55"" Class QM5K Series 4K UHD HDR QD-Mini LED Smart TV with Google TV (2025)",349.99,699.99,https://api.bestbuy.com/click/-/6625835/pdp,FALSE
2025-12-17T21:16:21Z,6625874,"TCL - 65"" Class QM5K Series 4K UHD HDR QD-Mini LED Smart TV with Google TV (2025)",469.99,899.99,https://api.bestbuy.com/click/-/6625874/pdp,FALSE
2025-12-17T21:16:21Z,6625834,"TCL - 75"" Class QM5K Series 4K UHD HDR QD-Mini LED Smart TV with Google TV (2025)",649.99,1199.99,https://api.bestbuy.com/click/-/6625834/pdp,FALSE
2025-12-18T13:33:03Z,6625835,"TCL - 55"" Class QM5K Series 4K UHD HDR QD-Mini LED Smart TV with Google TV (2025)",349.99,699.99,https://api.bestbuy.com/click/-/6625835/pdp,FALSE
2025-12-18T13:33:03Z,6625874,"TCL - 65"" Class QM5K Series 4K UHD HDR QD-Mini LED Smart TV with Google TV (2025)",469.99,899.99,https://api.bestbuy.com/click/-/6625874/pdp,FALSE
2025-12-18T13:33:03Z,6625834,"TCL - 75"" Class QM5K Series 4K UHD HDR QD-Mini LED Smart TV with Google TV (2025)",649.99,1199.99,https://api.bestbuy.com/click/-/6625834/pdp,FALSE
2025-12-18T21:14:17Z,6625835,"TCL - 55"" Class QM5K Series 4K UHD HDR QD-Mini LED Smart TV with Google TV (2025)",349.99,699.99,https://api.bestbuy.com/click/-/6625835/pdp,FALSE
2025-12-18T21:14:17Z,6625874,"TCL - 65"" Class QM5K Series 4K UHD HDR QD-Mini LED Smart TV with Google TV (2025)",469.99,899.99,https://api.bestbuy.com/click/-/6625874/pdp,FALSE
2025-12-18T21:14:17Z,6625834,"TCL - 75"" Class QM5K Series 4K UHD HDR QD-Mini LED Smart TV with Google TV (2025)",649.99,1199.99,https://api.bestbuy.com/click/-/6625834/pdp,FALSE
2025-12-19T13:29:46Z,6625835,"TCL - 55"" Class QM5K Series 4K UHD HDR QD-Mini LED Smart TV with Google TV (2025)",349.99,699.99,https://api.bestbuy.com/click/-/6625835/pdp,FALSE
2025-12-19T13:29:46Z,6625874,"TCL - 65"" Class QM5K Series 4K UHD HDR QD-Mini LED Smart TV with Google TV (2025)",469.99,899.99,https://api.bestbuy.com/click/-/6625874/pdp,FALSE
2025-12-19T13:29:46Z,6625834,"TCL - 75"" Class QM5K Series 4K UHD HDR QD-Mini LED Smart TV with Google TV (2025)",649.99,1199.99,https://api.bestbuy.com/click/-/6625834/pdp,FALSE
2025-12-19T21:15:04Z,6625835,"TCL - 55"" Class QM5K Series 4K UHD HDR QD-Mini LED Smart TV with Google TV (2025)",349.99,699.99,https://api.bestbuy.com/click/-/6625835/pdp,FALSE
2025-12-19T21:15:04Z,6625874,"TCL - 65"" Class QM5K Series 4K UHD HDR QD-Mini LED Smart TV with Google TV (2025)",469.99,899.99,https://api.bestbuy.com/click/-/6625874/pdp,FALSE
2025-12-19T21:15:04Z,6625834,"TCL - 75"" Class QM5K Series 4K UHD HDR QD-Mini LED Smart TV with Google TV (2025)",649.99,1199.99,https://api.bestbuy.com/click/-/6625834/pdp,FALSE
2025-12-20T13:24:09Z,6625835,"TCL - 55"" Class QM5K Series 4K UHD HDR QD-Mini LED Smart TV with Google TV (2025)",349.99,699.99,https://api.bestbuy.com/click/-/6625835/pdp,FALSE
2025-12-20T13:24:09Z,6625874,"TCL - 65"" Class QM5K Series 4K UHD HDR QD-Mini LED Smart TV with Google TV (2025)",469.99,899.99,https://api.bestbuy.com/click/-/6625874/pdp,FALSE
2025-12-20T13:24:09Z,6625834,"TCL - 75"" Class QM5K Series 4K UHD HDR QD-Mini LED Smart TV with Google TV (2025)",649.99,1199.99,https://api.bestbuy.com/click/-/6625834/pdp,FALSE
2025-12-20T21:13:02Z,6625835,"TCL - 55"" Class QM5K Series 4K UHD HDR QD-Mini LED Smart TV with Google TV (2025)",349.99,699.99,https://api.bestbuy.com/click/-/6625835/pdp,FALSE
2025-12-20T21:13:02Z,6625874,"TCL - 65"" Class QM5K Series 4K UHD HDR QD-Mini LED Smart TV with Google TV (2025)",469.99,899.99,https://api.bestbuy.com/click/-/6625874/pdp,FALSE
2025-12-20T21:13:02Z,6625834,"TCL - 75"" Class QM5K Series 4K UHD HDR QD-Mini LED Smart TV with Google TV (2025)",649.99,1199.99,https://api.bestbuy.com/click/-/6625834/pdp,FALSE
2025-12-21T13:24:25Z,6625835,"TCL - 55"" Class QM5K Series 4K UHD HDR QD-Mini LED Smart TV with Google TV (2025)",349.99,699.99,https://api.bestbuy.com/click/-/6625835/pdp,FALSE
2025-12-21T13:24:25Z,6625874,"TCL - 65"" Class QM5K Series 4K UHD HDR QD-Mini LED Smart TV with Google TV (2025)",469.99,899.99,https://api.bestbuy.com/click/-/6625874/pdp,FALSE
2025-12-21T13:24:25Z,6625834,"TCL - 75"" Class QM5K Series 4K UHD HDR QD-Mini LED Smart TV with Google TV (2025)",649.99,1199.99,https://api.bestbuy.com/click/-/6625834/pdp,FALSE
2025-12-21T21:14:25Z,6625835,"TCL - 55"" Class QM5K Series 4K UHD HDR QD-Mini LED Smart TV with Google TV (2025)",349.99,699.99,https://api.bestbuy.com/click/-/6625835/pdp,FALSE
2025-12-21T21:14:25Z,6625874,"TCL - 65"" Class QM5K Series 4K UHD HDR QD-Mini LED Smart TV with Google TV (2025)",469.99,899.99,https://api.bestbuy.com/click/-/6625874/pdp,FALSE
2025-12-21T21:14:25Z,6625834,"TCL - 75"" Class QM5K Series 4K UHD HDR QD-Mini LED Smart TV with Google TV (2025)",649.99,1199.99,https://api.bestbuy.com/click/-/6625834/pdp,FALSE
2025-12-22T13:31:03Z,6625835,"TCL - 55"" Class QM5K Series 4K UHD HDR QD-Mini LED Smart TV with Google TV (2025)",349.99,699.99,https://api.bestbuy.com/click/-/6625835/pdp,FALSE
2025-12-22T13:31:03Z,6625874,"TCL - 65"" Class QM5K Series 4K UHD HDR QD-Mini LED Smart TV with Google TV (2025)",499.99,899.99,https://api.bestbuy.com/click/-/6625874/pdp,TRUE
2025-12-22T13:31:03Z,6625834,"TCL - 75"" Class QM5K Series 4K UHD HDR QD-Mini LED Smart TV with Google TV (2025)",649.99,1199.99,https://api.bestbuy.com/click/-/6625834/pdp,FALSE
2025-12-22T21:14:40Z,6625835,"TCL - 55"" Class QM5K Series 4K UHD HDR QD-Mini LED Smart TV with Google TV (2025)",349.99,699.99,https://api.bestbuy.com/click/-/6625835/pdp,FALSE
2025-12-22T21:14:40Z,6625874,"TCL - 65"" Class QM5K Series 4K UHD HDR QD-Mini LED Smart TV with Google TV (2025)",499.99,899.99,https://api.bestbuy.com/click/-/6625874/pdp,FALSE
2025-12-22T21:14:40Z,6625834,"TCL - 75"" Class QM5K Series 4K UHD HDR QD-Mini LED Smart TV with Google TV (2025)",649.99,1199.99,https://api.bestbuy.com/click/-/6625834/pdp,FALSE
2025-12-23T13:32:37Z,6625835,"TCL - 55"" Class QM5K Series 4K UHD HDR QD-Mini LED Smart TV with Google TV (2025)",349.99,699.99,https://api.bestbuy.com/click/-/6625835/pdp,FALSE
2025-12-23T13:32:37Z,6625874,"TCL - 65"" Class QM5K Series 4K UHD HDR QD-Mini LED Smart TV with Google TV (2025)",499.99,899.99,https://api.bestbuy.com/click/-/6625874/pdp,FALSE
2025-12-23T13:32:37Z,6625834,"TCL - 75"" Class QM5K Series 4K UHD HDR QD-Mini LED Smart TV with Google TV (2025)",649.99,1199.99,https://api.bestbuy.com/click/-/6625834/pdp,FALSE
2025-12-23T21:15:17Z,6625835,"TCL - 55"" Class QM5K Series 4K UHD HDR QD-Mini LED Smart TV with Google TV (2025)",349.99,699.99,https://api.bestbuy.com/click/-/6625835/pdp,FALSE
2025-12-23T21:15:17Z,6625874,"TCL - 65"" Class QM5K Series 4K UHD HDR QD-Mini LED Smart TV with Google TV (2025)",499.99,899.99,https://api.bestbuy.com/click/-/6625874/pdp,FALSE
2025-12-23T21:15:17Z,6625834,"TCL - 75"" Class QM5K Series 4K UHD HDR QD-Mini LED Smart TV with Google TV (2025)",649.99,1199.99,https://api.bestbuy.com/click/-/6625834/pdp,FALSE
2025-12-24T13:29:02Z,6625835,"TCL - 55"" Class QM5K Series 4K UHD HDR QD-Mini LED Smart TV with Google TV (2025)",349.99,699.99,https://api.bestbuy.com/click/-/6625835/pdp,FALSE
2025-12-24T13:29:02Z,6625874,"TCL - 65"" Class QM5K Series 4K UHD HDR QD-Mini LED Smart TV with Google TV (2025)",499.99,899.99,https://api.bestbuy.com/click/-/6625874/pdp,FALSE
2025-12-24T13:29:02Z,6625834,"TCL - 75"" Class QM5K Series 4K UHD HDR QD-Mini LED Smart TV with Google TV (2025)",649.99,1199.99,https://api.bestbuy.com/click/-/6625834/pdp,FALSE
2025-12-24T21:14:39Z,6625835,"TCL - 55"" Class QM5K Series 4K UHD HDR QD-Mini LED Smart TV with Google TV (2025)",349.99,699.99,https://api.bestbuy.com/click/-/6625835/pdp,FALSE
2025-12-24T21:14:39Z,6625874,"TCL - 65"" Class QM5K Series 4K UHD HDR QD-Mini LED Smart TV with Google TV (2025)",499.99,899.99,https://api.bestbuy.com/click/-/6625874/pdp,FALSE
2025-12-24T21:14:39Z,6625834,"TCL - 75"" Class QM5K Series 4K UHD HDR QD-Mini LED Smart TV with Google TV (2025)",649.99,1199.99,https://api.bestbuy.com/click/-/6625834/pdp,FALSE
2025-12-25T13:28:59Z,6625835,"TCL - 55"" Class QM5K Series 4K UHD HDR QD-Mini LED Smart TV with Google TV (2025)",349.99,699.99,https://api.bestbuy.com/click/-/6625835/pdp,FALSE
2025-12-25T13:28:59Z,6625874,"TCL - 65"" Class QM5K Series 4K UHD HDR QD-Mini LED Smart TV with Google TV (2025)",499.99,899.99,https://api.bestbuy.com/click/-/6625874/pdp,FALSE
2025-12-25T13:28:59Z,6625834,"TCL - 75"" Class QM5K Series 4K UHD HDR QD-Mini LED Smart TV with Google TV (2025)",649.99,1199.99,https://api.bestbuy.com/click/-/6625834/pdp,FALSE
2025-12-25T21:14:54Z,6625835,"TCL - 55"" Class QM5K Series 4K UHD HDR QD-Mini LED Smart TV with Google TV (2025)",349.99,699.99,https://api.bestbuy.com/click/-/6625835/pdp,FALSE
2025-12-25T21:14:54Z,6625874,"TCL - 65"" Class QM5K Series 4K UHD HDR QD-Mini LED Smart TV with Google TV (2025)",499.99,899.99,https://api.bestbuy.com/click/-/6625874/pdp,FALSE
2025-12-25T21:14:54Z,6625834,"TCL - 75"" Class QM5K Series 4K UHD HDR QD-Mini LED Smart TV with Google TV (2025)",649.99,1199.99,https://api.bestbuy.com/click/-/6625834/pdp,FALSE
2025-12-26T13:29:34Z,6625835,"TCL - 55"" Class QM5K Series 4K UHD HDR QD-Mini LED Smart TV with Google TV (2025)",349.99,699.99,https://api.bestbuy.com/click/-/6625835/pdp,FALSE
2025-12-26T13:29:34Z,6625874,"TCL - 65"" Class QM5K Series 4K UHD HDR QD-Mini LED Smart TV with Google TV (2025)",499.99,899.99,https://api.bestbuy.com/click/-/6625874/pdp,FALSE
2025-12-26T13:29:34Z,6625834,"TCL - 75"" Class QM5K Series 4K UHD HDR QD-Mini LED Smart TV with Google TV (2025)",649.99,1199.99,https://api.bestbuy.com/click/-/6625834/pdp,FALSE
2025-12-26T21:14:27Z,6625835,"TCL - 55"" Class QM5K Series 4K UHD HDR QD-Mini LED Smart TV with Google TV (2025)",349.99,699.99,https://api.bestbuy.com/click/-/6625835/pdp,FALSE
2025-12-26T21:14:27Z,6625874,"TCL - 65"" Class QM5K Series 4K UHD HDR QD-Mini LED Smart TV with Google TV (2025)",499.99,899.99,https://api.bestbuy.com/click/-/6625874/pdp,FALSE
2025-12-26T21:14:27Z,6625834,"TCL - 75"" Class QM5K Series 4K UHD HDR QD-Mini LED Smart TV with Google TV (2025)",649.99,1199.99,https://api.bestbuy.com/click/-/6625834/pdp,FALSE
2025-12-27T13:25:09Z,6625835,"TCL - 55"" Class QM5K Series 4K UHD HDR QD-Mini LED Smart TV with Google TV (2025)",349.99,699.99,https://api.bestbuy.com/click/-/6625835/pdp,FALSE
2025-12-27T13:25:09Z,6625874,"TCL - 65"" Class QM5K Series 4K UHD HDR QD-Mini LED Smart TV with Google TV (2025)",499.99,899.99,https://api.bestbuy.com/click/-/6625874/pdp,FALSE
2025-12-27T13:25:09Z,6625834,"TCL - 75"" Class QM5K Series 4K UHD HDR QD-Mini LED Smart TV with Google TV (2025)",649.99,1199.99,https://api.bestbuy.com/click/-/6625834/pdp,FALSE
2025-12-27T21:13:36Z,6625835,"TCL - 55"" Class QM5K Series 4K UHD HDR QD-Mini LED Smart TV with Google TV (2025)",349.99,699.99,https://api.bestbuy.com/click/-/6625835/pdp,FALSE
2025-12-27T21:13:36Z,6625874,"TCL - 65"" Class QM5K Series 4K UHD HDR QD-Mini LED Smart TV with Google TV (2025)",499.99,899.99,https://api.bestbuy.com/click/-/6625874/pdp,FALSE
2025-12-27T21:13:36Z,6625834,"TCL - 75"" Class QM5K Series 4K UHD HDR QD-Mini LED Smart TV with Google TV (2025)",649.99,1199.99,https://api.bestbuy.com/click/-/6625834/pdp,FALSE
2025-12-28T13:26:07Z,6625835,"TCL - 55"" Class QM5K Series 4K UHD HDR QD-Mini LED Smart TV with Google TV (2025)",349.99,699.99,https://api.bestbuy.com/click/-/6625835/pdp,FALSE
2025-12-28T13:26:07Z,6625874,"TCL - 65"" Class QM5K Series 4K UHD HDR QD-Mini LED Smart TV with Google TV (2025)",499.99,899.99,https://api.bestbuy.com/click/-/6625874/pdp,FALSE
2025-12-28T13:26:07Z,6625834,"TCL - 75"" Class QM5K Series 4K UHD HDR QD-Mini LED Smart TV with Google TV (2025)",649.99,1199.99,https://api.bestbuy.com/click/-/6625834/pdp,FALSE
2025-12-28T21:14:41Z,6625835,"TCL - 55"" Class QM5K Series 4K UHD HDR QD-Mini LED Smart TV with Google TV (2025)",349.99,699.99,https://api.bestbuy.com/click/-/6625835/pdp,FALSE
2025-12-28T21:14:41Z,6625874,"TCL - 65"" Class QM5K Series 4K UHD HDR QD-Mini LED Smart TV with Google TV (2025)",499.99,899.99,https://api.bestbuy.com/click/-/6625874/pdp,FALSE
2025-12-28T21:14:41Z,6625834,"TCL - 75"" Class QM5K Series 4K UHD HDR QD-Mini LED Smart TV with Google TV (2025)",649.99,1199.99,https://api.bestbuy.com/click/-/6625834/pdp,FALSE
2025-12-29T13:34:19Z,6625835,"TCL - 55"" Class QM5K Series 4K UHD HDR QD-Mini LED Smart TV with Google TV (2025)",379.99,699.99,https://api.bestbuy.com/click/-/6625835/pdp,TRUE
2025-12-29T13:34:19Z,6625874,"TCL - 65"" Class QM5K Series 4K UHD HDR QD-Mini LED Smart TV with Google TV (2025)",549.99,899.99,https://api.bestbuy.com/click/-/6625874/pdp,TRUE
2025-12-29T13:34:19Z,6625834,"TCL - 75"" Class QM5K Series 4K UHD HDR QD-Mini LED Smart TV with Google TV (2025)",699.99,1199.99,https://api.bestbuy.com/click/-/6625834/pdp,TRUE
2025-12-29T21:14:56Z,6625835,"TCL - 55"" Class QM5K Series 4K UHD HDR QD-Mini LED Smart TV with Google TV (2025)",379.99,699.99,https://api.bestbuy.com/click/-/6625835/pdp,FALSE
2025-12-29T21:14:56Z,6625874,"TCL - 65"" Class QM5K Series 4K UHD HDR QD-Mini LED Smart TV with Google TV (2025)",549.99,899.99,https://api.bestbuy.com/click/-/6625874/pdp,FALSE
2025-12-29T21:14:56Z,6625834,"TCL - 75"" Class QM5K Series 4K UHD HDR QD-Mini LED Smart TV with Google TV (2025)",699.99,1199.99,https://api.bestbuy.com/click/-/6625834/pdp,FALSE
2025-12-30T13:33:07Z,6625835,"TCL - 55"" Class QM5K Series 4K UHD HDR QD-Mini LED Smart TV with Google TV (2025)",379.99,699.99,https://api.bestbuy.com/click/-/6625835/pdp,FALSE
2025-12-30T13:33:07Z,6625874,"TCL - 65"" Class QM5K Series 4K UHD HDR QD-Mini LED Smart TV with Google TV (2025)",549.99,899.99,https://api.bestbuy.com/click/-/6625874/pdp,FALSE
2025-12-30T13:33:07Z,6625834,"TCL - 75"" Class QM5K Series 4K UHD HDR QD-Mini LED Smart TV with Google TV (2025)",699.99,1199.99,https://api.bestbuy.com/click/-/6625834/pdp,FALSE
2025-12-30T21:15:39Z,6625835,"TCL - 55"" Class QM5K Series 4K UHD HDR QD-Mini LED Smart TV with Google TV (2025)",379.99,699.99,https://api.bestbuy.com/click/-/6625835/pdp,FALSE
2025-12-30T21:15:39Z,6625874,"TCL - 65"" Class QM5K Series 4K UHD HDR QD-Mini LED Smart TV with Google TV (2025)",549.99,899.99,https://api.bestbuy.com/click/-/6625874/pdp,FALSE
2025-12-30T21:15:39Z,6625834,"TCL - 75"" Class QM5K Series 4K UHD HDR QD-Mini LED Smart TV with Google TV (2025)",699.99,1199.99,https://api.bestbuy.com/click/-/6625834/pdp,FALSE
2025-12-31T13:29:17Z,6625835,"TCL - 55"" Class QM5K Series 4K UHD HDR QD-Mini LED Smart TV with Google TV (2025)",379.99,699.99,https://api.bestbuy.com/click/-/6625835/pdp,FALSE
2025-12-31T13:29:17Z,6625874,"TCL - 65"" Class QM5K Series 4K UHD HDR QD-Mini LED Smart TV with Google TV (2025)",549.99,899.99,https://api.bestbuy.com/click/-/6625874/pdp,FALSE
2025-12-31T13:29:17Z,6625834,"TCL - 75"" Class QM5K Series 4K UHD HDR QD-Mini LED Smart TV with Google TV (2025)",699.99,1199.99,https://api.bestbuy.com/click/-/6625834/pdp,FALSE
2025-12-31T21:14:46Z,6625835,"TCL - 55"" Class QM5K Series 4K UHD HDR QD-Mini LED Smart TV with Google TV (2025)",379.99,699.99,https://api.bestbuy.com/click/-/6625835/pdp,FALSE
2025-12-31T21:14:46Z,6625874,"TCL - 65"" Class QM5K Series 4K UHD HDR QD-Mini LED Smart TV with Google TV (2025)",549.99,899.99,https://api.bestbuy.com/click/-/6625874/pdp,FALSE
2025-12-31T21:14:46Z,6625834,"TCL - 75"" Class QM5K Series 4K UHD HDR QD-Mini LED Smart TV with Google TV (2025)",699.99,1199.99,https://api.bestbuy.com/click/-/6625834/pdp,FALSE
2026-01-01T13:30:41Z,6625835,"TCL - 55"" Class QM5K Series 4K UHD HDR QD-Mini LED Smart TV with Google TV (2025)",379.99,699.99,https://api.bestbuy.com/click/-/6625835/pdp,FALSE
2026-01-01T13:30:41Z,6625874,"TCL - 65"" Class QM5K Series 4K UHD HDR QD-Mini LED Smart TV with Google TV (2025)",549.99,899.99,https://api.bestbuy.com/click/-/6625874/pdp,FALSE
2026-01-01T13:30:41Z,6625834,"TCL - 75"" Class QM5K Series 4K UHD HDR QD-Mini LED Smart TV with Google TV (2025)",699.99,1199.99,https://api.bestbuy.com/click/-/6625834/pdp,FALSE
2026-01-01T21:15:12Z,6625835,"TCL - 55"" Class QM5K Series 4K UHD HDR QD-Mini LED Smart TV with Google TV (2025)",379.99,699.99,https://api.bestbuy.com/click/-/6625835/pdp,FALSE
2026-01-01T21:15:12Z,6625874,"TCL - 65"" Class QM5K Series 4K UHD HDR QD-Mini LED Smart TV with Google TV (2025)",549.99,899.99,https://api.bestbuy.com/click/-/6625874/pdp,FALSE
2026-01-01T21:15:12Z,6625834,"TCL - 75"" Class QM5K Series 4K UHD HDR QD-Mini LED Smart TV with Google TV (2025)",699.99,1199.99,https://api.bestbuy.com/click/-/6625834/pdp,FALSE
2026-01-02T13:29:23Z,6625835,"TCL - 55"" Class QM5K Series 4K UHD HDR QD-Mini LED Smart TV with Google TV (2025)",379.99,699.99,https://api.bestbuy.com/click/-/6625835/pdp,FALSE
2026-01-02T13:29:23Z,6625874,"TCL - 65"" Class QM5K Series 4K UHD HDR QD-Mini LED Smart TV with Google TV (2025)",549.99,899.99,https://api.bestbuy.com/click/-/6625874/pdp,FALSE
2026-01-02T13:29:23Z,6625834,"TCL - 75"" Class QM5K Series 4K UHD HDR QD-Mini LED Smart TV with Google TV (2025)",699.99,1199.99,https://api.bestbuy.com/click/-/6625834/pdp,FALSE
2026-01-02T21:12:25Z,6625835,"TCL - 55"" Class QM5K Series 4K UHD HDR QD-Mini LED Smart TV with Google TV (2025)",379.99,699.99,https://api.bestbuy.com/click/-/6625835/pdp,FALSE
2026-01-02T21:12:25Z,6625874,"TCL - 65"" Class QM5K Series 4K UHD HDR QD-Mini LED Smart TV with Google TV (2025)",549.99,899.99,https://api.bestbuy.com/click/-/6625874/pdp,FALSE
2026-01-02T21:12:25Z,6625834,"TCL - 75"" Class QM5K Series 4K UHD HDR QD-Mini LED Smart TV with Google TV (2025)",699.99,1199.99,https://api.bestbuy.com/click/-/6625834/pdp,FALSE
2026-01-03T13:25:56Z,6625835,"TCL - 55"" Class QM5K Series 4K UHD HDR QD-Mini LED Smart TV with Google TV (2025)",379.99,699.99,https://api.bestbuy.com/click/-/6625835/pdp,FALSE
2026-01-03T13:25:56Z,6625874,"TCL - 65"" Class QM5K Series 4K UHD HDR QD-Mini LED Smart TV with Google TV (2025)",549.99,899.99,https://api.bestbuy.com/click/-/6625874/pdp,FALSE
2026-01-03T13:25:56Z,6625834,"TCL - 75"" Class QM5K Series 4K UHD HDR QD-Mini LED Smart TV with Google TV (2025)",699.99,1199.99,https://api.bestbuy.com/click/-/6625834/pdp,FALSE
2026-01-03T21:14:29Z,6625835,"TCL - 55"" Class QM5K Series 4K UHD HDR QD-Mini LED Smart TV with Google TV (2025)",379.99,699.99,https://api.bestbuy.com/click/-/6625835/pdp,FALSE
2026-01-03T21:14:29Z,6625874,"TCL - 65"" Class QM5K Series 4K UHD HDR QD-Mini LED Smart TV with Google TV (2025)",549.99,899.99,https://api.bestbuy.com/click/-/6625874/pdp,FALSE
2026-01-03T21:14:29Z,6625834,"TCL - 75"" Class QM5K Series 4K UHD HDR QD-Mini LED Smart TV with Google TV (2025)",699.99,1199.99,https://api.bestbuy.com/click/-/6625834/pdp,FALSE
2026-01-04T13:26:27Z,6625835,"TCL - 55"" Class QM5K Series 4K UHD HDR QD-Mini LED Smart TV with Google TV (2025)",379.99,699.99,https://api.bestbuy.com/click/-/6625835/pdp,FALSE
2026-01-04T13:26:27Z,6625874,"TCL - 65"" Class QM5K Series 4K UHD HDR QD-Mini LED Smart TV with Google TV (2025)",549.99,899.99,https://api.bestbuy.com/click/-/6625874/pdp,FALSE
2026-01-04T13:26:27Z,6625834,"TCL - 75"" Class QM5K Series 4K UHD HDR QD-Mini LED Smart TV with Google TV (2025)",699.99,1199.99,https://api.bestbuy.com/click/-/6625834/pdp,FALSE
2026-01-04T21:14:34Z,6625835,"TCL - 55"" Class QM5K Series 4K UHD HDR QD-Mini LED Smart TV with Google TV (2025)",379.99,699.99,https://api.bestbuy.com/click/-/6625835/pdp,FALSE
2026-01-04T21:14:34Z,6625874,"TCL - 65"" Class QM5K Series 4K UHD HDR QD-Mini LED Smart TV with Google TV (2025)",549.99,899.99,https://api.bestbuy.com/click/-/6625874/pdp,FALSE
2026-01-04T21:14:34Z,6625834,"TCL - 75"" Class QM5K Series 4K UHD HDR QD-Mini LED Smart TV with Google TV (2025)",699.99,1199.99,https://api.bestbuy.com/click/-/6625834/pdp,FALSE
2026-01-05T13:37:32Z,6625835,"TCL - 55"" Class QM5K Series 4K UHD HDR QD-Mini LED Smart TV with Google TV (2025)",379.99,699.99,https://api.bestbuy.com/click/-/6625835/pdp,FALSE
2026-01-05T13:37:32Z,6625874,"TCL - 65"" Class QM5K Series 4K UHD HDR QD-Mini LED Smart TV with Google TV (2025)",549.99,899.99,https://api.bestbuy.com/click/-/6625874/pdp,FALSE
2026-01-05T13:37:32Z,6625834,"TCL - 75"" Class QM5K Series 4K UHD HDR QD-Mini LED Smart TV with Google TV (2025)",699.99,1199.99,https://api.bestbuy.com/click/-/6625834/pdp,FALSE
2026-01-05T21:16:08Z,6625835,"TCL - 55"" Class QM5K Series 4K UHD HDR QD-Mini LED Smart TV with Google TV (2025)",379.99,699.99,https://api.bestbuy.com/click/-/6625835/pdp,FALSE
2026-01-05T21:16:08Z,6625874,"TCL - 65"" Class QM5K Series 4K UHD HDR QD-Mini LED Smart TV with Google TV (2025)",549.99,899.99,https://api.bestbuy.com/click/-/6625874/pdp,FALSE
2026-01-05T21:16:08Z,6625834,"TCL - 75"" Class QM5K Series 4K UHD HDR QD-Mini LED Smart TV with Google TV (2025)",699.99,1199.99,https://api.bestbuy.com/click/-/6625834/pdp,FALSE
2026-01-06T13:34:14Z,6625835,"TCL - 55"" Class QM5K Series 4K UHD HDR QD-Mini LED Smart TV with Google TV (2025)",379.99,699.99,https://api.bestbuy.com/click/-/6625835/pdp,FALSE
2026-01-06T13:34:14Z,6625874,"TCL - 65"" Class QM5K Series 4K UHD HDR QD-Mini LED Smart TV with Google TV (2025)",549.99,899.99,https://api.bestbuy.com/click/-/6625874/pdp,FALSE
2026-01-06T13:34:14Z,6625834,"TCL - 75"" Class QM5K Series 4K UHD HDR QD-Mini LED Smart TV with Google TV (2025)",1199.99,1199.99,https://api.bestbuy.com/click/-/6625834/pdp,TRUE
2026-01-06T21:17:02Z,6625835,"TCL - 55"" Class QM5K Series 4K UHD HDR QD-Mini LED Smart TV with Google TV (2025)",379.99,699.99,https://api.bestbuy.com/click/-/6625835/pdp,FALSE
2026-01-06T21:17:02Z,6625874,"TCL - 65"" Class QM5K Series 4K UHD HDR QD-Mini LED Smart TV with Google TV (2025)",549.99,899.99,https://api.bestbuy.com/click/-/6625874/pdp,FALSE
2026-01-06T21:17:02Z,6625834,"TCL - 75"" Class QM5K Series 4K UHD HDR QD-Mini LED Smart TV with Google TV (2025)",1199.99,1199.99,https://api.bestbuy.com/click/-/6625834/pdp,FALSE
2026-01-07T13:36:34Z,6625835,"TCL - 55"" Class QM5K Series 4K UHD HDR QD-Mini LED Smart TV with Google TV (2025)",379.99,699.99,https://api.bestbuy.com/click/-/6625835/pdp,FALSE
2026-01-07T13:36:34Z,6625874,"TCL - 65"" Class QM5K Series 4K UHD HDR QD-Mini LED Smart TV with Google TV (2025)",899.99,899.99,https://api.bestbuy.com/click/-/6625874/pdp,TRUE
2026-01-07T13:36:34Z,6625834,"TCL - 75"" Class QM5K Series 4K UHD HDR QD-Mini LED Smart TV with Google TV (2025)",699.99,1199.99,https://api.bestbuy.com/click/-/6625834/pdp,TRUE
2026-01-07T21:16:00Z,6625835,"TCL - 55"" Class QM5K Series 4K UHD HDR QD-Mini LED Smart TV with Google TV (2025)",379.99,699.99,https://api.bestbuy.com/click/-/6625835/pdp,FALSE
2026-01-07T21:16:00Z,6625874,"TCL - 65"" Class QM5K Series 4K UHD HDR QD-Mini LED Smart TV with Google TV (2025)",899.99,899.99,https://api.bestbuy.com/click/-/6625874/pdp,FALSE
2026-01-07T21:16:00Z,6625834,"TCL - 75"" Class QM5K Series 4K UHD HDR QD-Mini LED Smart TV with Google TV (2025)",699.99,1199.99,https://api.bestbuy.com/click/-/6625834/pdp,FALSE
2026-01-08T13:37:22Z,6625835,"TCL - 55"" Class QM5K Series 4K UHD HDR QD-Mini LED Smart TV with Google TV (2025)",699.99,699.99,https://api.bestbuy.com/click/-/6625835/pdp,TRUE
2026-01-08T13:37:22Z,6625874,"TCL - 65"" Class QM5K Series 4K UHD HDR QD-Mini LED Smart TV with Google TV (2025)",549.99,899.99,https://api.bestbuy.com/click/-/6625874/pdp,TRUE
2026-01-08T13:37:22Z,6625834,"TCL - 75"" Class QM5K Series 4K UHD HDR QD-Mini LED Smart TV with Google TV (2025)",699.99,1199.99,https://api.bestbuy.com/click/-/6625834/pdp,FALSE
2026-01-08T21:16:40Z,6625835,"TCL - 55"" Class QM5K Series 4K UHD HDR QD-Mini LED Smart TV with Google TV (2025)",699.99,699.99,https://api.bestbuy.com/click/-/6625835/pdp,FALSE
2026-01-08T21:16:40Z,6625874,"TCL - 65"" Class QM5K Series 4K UHD HDR QD-Mini LED Smart TV with Google TV (2025)",549.99,899.99,https://api.bestbuy.com/click/-/6625874/pdp,FALSE
2026-01-08T21:16:40Z,6625834,"TCL - 75"" Class QM5K Series 4K UHD HDR QD-Mini LED Smart TV with Google TV (2025)",699.99,1199.99,https://api.bestbuy.com/click/-/6625834/pdp,FALSE
2026-01-09T13:34:57Z,6625835,"TCL - 55"" Class QM5K Series 4K UHD HDR QD-Mini LED Smart TV with Google TV (2025)",379.99,699.99,https://api.bestbuy.com/click/-/6625835/pdp,TRUE
2026-01-09T13:34:57Z,6625874,"TCL - 65"" Class QM5K Series 4K UHD HDR QD-Mini LED Smart TV with Google TV (2025)",549.99,899.99,https://api.bestbuy.com/click/-/6625874/pdp,FALSE
2026-01-09T13:34:57Z,6625834,"TCL - 75"" Class QM5K Series 4K UHD HDR QD-Mini LED Smart TV with Google TV (2025)",699.99,1199.99,https://api.bestbuy.com/click/-/6625834/pdp,FALSE
2026-01-09T21:16:34Z,6625835,"TCL - 55"" Class QM5K Series 4K UHD HDR QD-Mini LED Smart TV with Google TV (2025)",379.99,699.99,https://api.bestbuy.com/click/-/6625835/pdp,FALSE
2026-01-09T21:16:34Z,6625874,"TCL - 65"" Class QM5K Series 4K UHD QD-Mini LED Smart TV with Google TV (2025)",549.99,899.99,https://api.bestbuy.com/click/-/6625874/pdp,FALSE
2026-01-09T21:16:34Z,6625834,"TCL - 75"" Class QM5K Series 4K UHD HDR QD-Mini LED Smart TV with Google TV (2025)",699.99,1199.99,https://api.bestbuy.com/click/-/6625834/pdp,FALSE
2026-01-10T13:25:55Z,6625835,"TCL - 55"" Class QM5K Series 4K UHD HDR QD-Mini LED Smart TV with Google TV (2025)",379.99,699.99,https://api.bestbuy.com/click/-/6625835/pdp,FALSE
2026-01-10T13:25:55Z,6625874,"TCL - 65"" Class QM5K Series 4K UHD QD-Mini LED Smart TV with Google TV (2025)",549.99,899.99,https://api.bestbuy.com/click/-/6625874/pdp,FALSE
2026-01-10T13:25:55Z,6625834,"TCL - 75"" Class QM5K Series 4K UHD HDR QD-Mini LED Smart TV with Google TV (2025)",699.99,1199.99,https://api.bestbuy.com/click/-/6625834/pdp,FALSE
2026-01-10T21:14:25Z,6625835,"TCL - 55"" Class QM5K Series 4K UHD HDR QD-Mini LED Smart TV with Google TV (2025)",379.99,699.99,https://api.bestbuy.com/click/-/6625835/pdp,FALSE
2026-01-10T21:14:25Z,6625874,"TCL - 65"" Class QM5K Series 4K UHD QD-Mini LED Smart TV with Google TV (2025)",549.99,899.99,https://api.bestbuy.com/click/-/6625874/pdp,FALSE
2026-01-10T21:14:25Z,6625834,"TCL - 75"" Class QM5K Series 4K UHD HDR QD-Mini LED Smart TV with Google TV (2025)",699.99,1199.99,https://api.bestbuy.com/click/-/6625834/pdp,FALSE
2026-01-11T13:26:49Z,6625835,"TCL - 55"" Class QM5K Series 4K UHD HDR QD-Mini LED Smart TV with Google TV (2025)",379.99,699.99,https://api.bestbuy.com/click/-/6625835/pdp,FALSE
2026-01-11T13:26:49Z,6625874,"TCL - 65"" Class QM5K Series 4K UHD QD-Mini LED Smart TV with Google TV (2025)",549.99,899.99,https://api.bestbuy.com/click/-/6625874/pdp,FALSE
2026-01-11T13:26:49Z,6625834,"TCL - 75"" Class QM5K Series 4K UHD HDR QD-Mini LED Smart TV with Google TV (2025)",699.99,1199.99,https://api.bestbuy.com/click/-/6625834/pdp,FALSE
2026-01-11T21:14:27Z,6625835,"TCL - 55"" Class QM5K Series 4K UHD HDR QD-Mini LED Smart TV with Google TV (2025)",379.99,699.99,https://api.bestbuy.com/click/-/6625835/pdp,FALSE
2026-01-11T21:14:27Z,6625874,"TCL - 65"" Class QM5K Series 4K UHD QD-Mini LED Smart TV with Google TV (2025)",549.99,899.99,https://api.bestbuy.com/click/-/6625874/pdp,FALSE
2026-01-11T21:14:27Z,6625834,"TCL - 75"" Class QM5K Series 4K UHD HDR QD-Mini LED Smart TV with Google TV (2025)",699.99,1199.99,https://api.bestbuy.com/click/-/6625834/pdp,FALSE
2026-01-12T13:38:51Z,6625835,"TCL - 55"" Class QM5K Series 4K UHD HDR QD-Mini LED Smart TV with Google TV (2025)",379.99,699.99,https://api.bestbuy.com/click/-/6625835/pdp,FALSE
2026-01-12T13:38:51Z,6625874,"TCL - 65"" Class QM5K Series 4K UHD QD-Mini LED Smart TV with Google TV (2025)",549.99,899.99,https://api.bestbuy.com/click/-/6625874/pdp,FALSE
2026-01-12T13:38:51Z,6625834,"TCL - 75"" Class QM5K Series 4K UHD HDR QD-Mini LED Smart TV with Google TV (2025)",699.99,1199.99,https://api.bestbuy.com/click/-/6625834/pdp,FALSE
2026-01-12T21:16:21Z,6625835,"TCL - 55"" Class QM5K Series 4K UHD HDR QD-Mini LED Smart TV with Google TV (2025)",379.99,699.99,https://api.bestbuy.com/click/-/6625835/pdp,FALSE
2026-01-12T21:16:21Z,6625874,"TCL - 65"" Class QM5K Series 4K UHD QD-Mini LED Smart TV with Google TV (2025)",549.99,899.99,https://api.bestbuy.com/click/-/6625874/pdp,FALSE
2026-01-12T21:16:21Z,6625834,"TCL - 75"" Class QM5K Series 4K UHD HDR QD-Mini LED Smart TV with Google TV (2025)",699.99,1199.99,https://api.bestbuy.com/click/-/6625834/pdp,FALSE
2026-01-13T13:37:49Z,6625835,"TCL - 55"" Class QM5K Series 4K UHD HDR QD-Mini LED Smart TV with Google TV (2025)",379.99,699.99,https://api.bestbuy.com/click/-/6625835/pdp,FALSE
2026-01-13T13:37:49Z,6625874,"TCL - 65"" Class QM5K Series 4K UHD QD-Mini LED Smart TV with Google TV (2025)",549.99,899.99,https://api.bestbuy.com/click/-/6625874/pdp,FALSE
2026-01-13T13:37:49Z,6625834,"TCL - 75"" Class QM5K Series 4K UHD HDR QD-Mini LED Smart TV with Google TV (2025)",699.99,1199.99,https://api.bestbuy.com/click/-/6625834/pdp,FALSE
2026-01-13T21:16:40Z,6625835,"TCL - 55"" Class QM5K Series 4K UHD HDR QD-Mini LED Smart TV with Google TV (2025)",379.99,699.99,https://api.bestbuy.com/click/-/6625835/pdp,FALSE
2026-01-13T21:16:40Z,6625874,"TCL - 65"" Class QM5K Series 4K UHD QD-Mini LED Smart TV with Google TV (2025)",549.99,899.99,https://api.bestbuy.com/click/-/6625874/pdp,FALSE
2026-01-13T21:16:40Z,6625834,"TCL - 75"" Class QM5K Series 4K UHD HDR QD-Mini LED Smart TV with Google TV (2025)",699.99,1199.99,https://api.bestbuy.com/click/-/6625834/pdp,FALSE
2026-01-14T13:37:03Z,6625835,"TCL - 55"" Class QM5K Series 4K UHD HDR QD-Mini LED Smart TV with Google TV (2025)",379.99,699.99,https://api.bestbuy.com/click/-/6625835/pdp,FALSE
2026-01-14T13:37:03Z,6625874,"TCL - 65"" Class QM5K Series 4K UHD QD-Mini LED Smart TV with Google TV (2025)",549.99,899.99,https://api.bestbuy.com/click/-/6625874/pdp,FALSE
2026-01-14T13:37:03Z,6625834,"TCL - 75"" Class QM5K Series 4K UHD HDR QD-Mini LED Smart TV with Google TV (2025)",699.99,1199.99,https://api.bestbuy.com/click/-/6625834/pdp,FALSE
2026-01-14T21:17:33Z,6625835,"TCL - 55"" Class QM5K Series 4K UHD HDR QD-Mini LED Smart TV with Google TV (2025)",379.99,699.99,https://api.bestbuy.com/click/-/6625835/pdp,FALSE
2026-01-14T21:17:33Z,6625874,"TCL - 65"" Class QM5K Series 4K UHD QD-Mini LED Smart TV with Google TV (2025)",549.99,899.99,https://api.bestbuy.com/click/-/6625874/pdp,FALSE
2026-01-14T21:17:33Z,6625834,"TCL - 75"" Class QM5K Series 4K UHD HDR QD-Mini LED Smart TV with Google TV (2025)",699.99,1199.99,https://api.bestbuy.com/click/-/6625834/pdp,FALSE
2026-01-15T13:36:41Z,6625835,"TCL - 55"" Class QM5K Series 4K UHD HDR QD-Mini LED Smart TV with Google TV (2025)",379.99,699.99,https://api.bestbuy.com/click/-/6625835/pdp,FALSE
2026-01-15T13:36:41Z,6625874,"TCL - 65"" Class QM5K Series 4K UHD QD-Mini LED Smart TV with Google TV (2025)",549.99,899.99,https://api.bestbuy.com/click/-/6625874/pdp,FALSE
2026-01-15T13:36:41Z,6625834,"TCL - 75"" Class QM5K Series 4K UHD HDR QD-Mini LED Smart TV with Google TV (2025)",699.99,1199.99,https://api.bestbuy.com/click/-/6625834/pdp,FALSE
2026-01-15T21:17:25Z,6625835,"TCL - 55"" Class QM5K Series 4K UHD HDR QD-Mini LED Smart TV with Google TV (2025)",379.99,699.99,https://api.bestbuy.com/click/-/6625835/pdp,FALSE
2026-01-15T21:17:25Z,6625874,"TCL - 65"" Class QM5K Series 4K UHD QD-Mini LED Smart TV with Google TV (2025)",549.99,899.99,https://api.bestbuy.com/click/-/6625874/pdp,FALSE
2026-01-15T21:17:25Z,6625834,"TCL - 75"" Class QM5K Series 4K UHD HDR QD-Mini LED Smart TV with Google TV (2025)",699.99,1199.99,https://api.bestbuy.com/click/-/6625834/pdp,FALSE
2026-01-16T13:34:26Z,6625835,"TCL - 55"" Class QM5K Series 4K UHD HDR QD-Mini LED Smart TV with Google TV (2025)",379.99,699.99,https://api.bestbuy.com/click/-/6625835/pdp,FALSE
2026-01-16T13:34:26Z,6625874,"TCL - 65"" Class QM5K Series 4K UHD QD-Mini LED Smart TV with Google TV (2025)",449.99,899.99,https://api.bestbuy.com/click/-/6625874/pdp,TRUE
2026-01-16T13:34:26Z,6625834,"TCL - 75"" Class QM5K Series 4K UHD HDR QD-Mini LED Smart TV with Google TV (2025)",699.99,1199.99,https://api.bestbuy.com/click/-/6625834/pdp,FALSE
2026-01-16T21:16:34Z,6625835,"TCL - 55"" Class QM5K Series 4K UHD HDR QD-Mini LED Smart TV with Google TV (2025)",379.99,699.99,https://api.bestbuy.com/click/-/6625835/pdp,FALSE
2026-01-16T21:16:34Z,6625874,"TCL - 65"" Class QM5K Series 4K UHD QD-Mini LED Smart TV with Google TV (2025)",449.99,899.99,https://api.bestbuy.com/click/-/6625874/pdp,FALSE
2026-01-16T21:16:34Z,6625834,"TCL - 75"" Class QM5K Series 4K UHD HDR QD-Mini LED Smart TV with Google TV (2025)",699.99,1199.99,https://api.bestbuy.com/click/-/6625834/pdp,FALSE
2026-01-17T13:25:35Z,6625835,"TCL - 55"" Class QM5K Series 4K UHD HDR QD-Mini LED Smart TV with Google TV (2025)",329.99,699.99,https://api.bestbuy.com/click/-/6625835/pdp,TRUE
2026-01-17T13:25:35Z,6625874,"TCL - 65"" Class QM5K Series 4K UHD QD-Mini LED Smart TV with Google TV (2025)",549.99,899.99,https://api.bestbuy.com/click/-/6625874/pdp,TRUE
2026-01-17T13:25:35Z,6625834,"TCL - 75"" Class QM5K Series 4K UHD HDR QD-Mini LED Smart TV with Google TV (2025)",699.99,1199.99,https://api.bestbuy.com/click/-/6625834/pdp,FALSE
2026-01-17T21:14:18Z,6625835,"TCL - 55"" Class QM5K Series 4K UHD HDR QD-Mini LED Smart TV with Google TV (2025)",329.99,699.99,https://api.bestbuy.com/click/-/6625835/pdp,FALSE
2026-01-17T21:14:18Z,6625874,"TCL - 65"" Class QM5K Series 4K UHD QD-Mini LED Smart TV with Google TV (2025)",549.99,899.99,https://api.bestbuy.com/click/-/6625874/pdp,FALSE
2026-01-17T21:14:18Z,6625834,"TCL - 75"" Class QM5K Series 4K UHD HDR QD-Mini LED Smart TV with Google TV (2025)",699.99,1199.99,https://api.bestbuy.com/click/-/6625834/pdp,FALSE
2026-01-18T13:25:26Z,6625835,"TCL - 55"" Class QM5K Series 4K UHD HDR QD-Mini LED Smart TV with Google TV (2025)",379.99,699.99,https://api.bestbuy.com/click/-/6625835/pdp,TRUE
2026-01-18T13:25:26Z,6625874,"TCL - 65"" Class QM5K Series 4K UHD QD-Mini LED Smart TV with Google TV (2025)",549.99,899.99,https://api.bestbuy.com/click/-/6625874/pdp,FALSE
2026-01-18T13:25:26Z,6625834,"TCL - 75"" Class QM5K Series 4K UHD HDR QD-Mini LED Smart TV with Google TV (2025)",699.99,1199.99,https://api.bestbuy.com/click/-/6625834/pdp,FALSE
2026-01-18T21:14:10Z,6625835,"TCL - 55"" Class QM5K Series 4K UHD HDR QD-Mini LED Smart TV with Google TV (2025)",379.99,699.99,https://api.bestbuy.com/click/-/6625835/pdp,FALSE
2026-01-18T21:14:10Z,6625874,"TCL - 65"" Class QM5K Series 4K UHD QD-Mini LED Smart TV with Google TV (2025)",549.99,899.99,https://api.bestbuy.com/click/-/6625874/pdp,FALSE
2026-01-18T21:14:10Z,6625834,"TCL - 75"" Class QM5K Series 4K UHD HDR QD-Mini LED Smart TV with Google TV (2025)",699.99,1199.99,https://api.bestbuy.com/click/-/6625834/pdp,FALSE
2026-01-19T13:41:39Z,6625835,"TCL - 55"" Class QM5K Series 4K UHD HDR QD-Mini LED Smart TV with Google TV (2025)",329.99,699.99,https://api.bestbuy.com/click/-/6625835/pdp,TRUE
2026-01-19T13:41:39Z,6625874,"TCL - 65"" Class QM5K Series 4K UHD QD-Mini LED Smart TV with Google TV (2025)",449.99,899.99,https://api.bestbuy.com/click/-/6625874/pdp,TRUE
2026-01-19T13:41:39Z,6625834,"TCL - 75"" Class QM5K Series 4K UHD HDR QD-Mini LED Smart TV with Google TV (2025)",599.99,1199.99,https://api.bestbuy.com/click/-/6625834/pdp,TRUE
2026-01-19T21:15:32Z,6625835,"TCL - 55"" Class QM5K Series 4K UHD HDR QD-Mini LED Smart TV with Google TV (2025)",329.99,699.99,https://api.bestbuy.com/click/-/6625835/pdp,FALSE
2026-01-19T21:15:32Z,6625874,"TCL - 65"" Class QM5K Series 4K UHD QD-Mini LED Smart TV with Google TV (2025)",449.99,899.99,https://api.bestbuy.com/click/-/6625874/pdp,FALSE
2026-01-19T21:15:32Z,6625834,"TCL - 75"" Class QM5K Series 4K UHD HDR QD-Mini LED Smart TV with Google TV (2025)",599.99,1199.99,https://api.bestbuy.com/click/-/6625834/pdp,FALSE
2026-01-20T13:42:36Z,6625835,"TCL - 55"" Class QM5K Series 4K UHD HDR QD-Mini LED Smart TV with Google TV (2025)",329.99,699.99,https://api.bestbuy.com/click/-/6625835/pdp,FALSE
2026-01-20T13:42:36Z,6625874,"TCL - 65"" Class QM5K Series 4K UHD QD-Mini LED Smart TV with Google TV (2025)",449.99,899.99,https://api.bestbuy.com/click/-/6625874/pdp,FALSE
2026-01-20T13:42:36Z,6625834,"TCL - 75"" Class QM5K Series 4K UHD HDR QD-Mini LED Smart TV with Google TV (2025)",599.99,1199.99,https://api.bestbuy.com/click/-/6625834/pdp,FALSE
2026-01-20T21:16:52Z,6625835,"TCL - 55"" Class QM5K Series 4K UHD HDR QD-Mini LED Smart TV with Google TV (2025)",329.99,699.99,https://api.bestbuy.com/click/-/6625835/pdp,FALSE
2026-01-20T21:16:52Z,6625874,"TCL - 65"" Class QM5K Series 4K UHD QD-Mini LED Smart TV with Google TV (2025)",449.99,899.99,https://api.bestbuy.com/click/-/6625874/pdp,FALSE
2026-01-20T21:16:52Z,6625834,"TCL - 75"" Class QM5K Series 4K UHD HDR QD-Mini LED Smart TV with Google TV (2025)",599.99,1199.99,https://api.bestbuy.com/click/-/6625834/pdp,FALSE
2026-01-21T13:41:15Z,6625835,"TCL - 55"" Class QM5K Series 4K UHD HDR QD-Mini LED Smart TV with Google TV (2025)",329.99,699.99,https://api.bestbuy.com/click/-/6625835/pdp,FALSE
2026-01-21T13:41:15Z,6625874,"TCL - 65"" Class QM5K Series 4K UHD QD-Mini LED Smart TV with Google TV (2025)",449.99,899.99,https://api.bestbuy.com/click/-/6625874/pdp,FALSE
2026-01-21T13:41:15Z,6625834,"TCL - 75"" Class QM5K Series 4K UHD HDR QD-Mini LED Smart TV with Google TV (2025)",599.99,1199.99,https://api.bestbuy.com/click/-/6625834/pdp,FALSE
2026-01-21T21:27:02Z,6625835,"TCL - 55"" Class QM5K Series 4K UHD HDR QD-Mini LED Smart TV with Google TV (2025)",329.99,699.99,https://api.bestbuy.com/click/-/6625835/pdp,FALSE
2026-01-21T21:27:02Z,6625874,"TCL - 65"" Class QM5K Series 4K UHD QD-Mini LED Smart TV with Google TV (2025)",449.99,899.99,https://api.bestbuy.com/click/-/6625874/pdp,FALSE
2026-01-21T21:27:02Z,6625834,"TCL - 75"" Class QM5K Series 4K UHD HDR QD-Mini LED Smart TV with Google TV (2025)",599.99,1199.99,https://api.bestbuy.com/click/-/6625834/pdp,FALSE
2026-01-22T13:42:32Z,6625835,"TCL - 55"" Class QM5K Series 4K UHD HDR QD-Mini LED Smart TV with Google TV (2025)",329.99,699.99,https://api.bestbuy.com/click/-/6625835/pdp,FALSE
2026-01-22T13:42:32Z,6625874,"TCL - 65"" Class QM5K Series 4K UHD QD-Mini LED Smart TV with Google TV (2025)",449.99,899.99,https://api.bestbuy.com/click/-/6625874/pdp,FALSE
2026-01-22T13:42:32Z,6625834,"TCL - 75"" Class QM5K Series 4K UHD HDR QD-Mini LED Smart TV with Google TV (2025)",599.99,1199.99,https://api.bestbuy.com/click/-/6625834/pdp,FALSE
2026-01-22T21:18:27Z,6625835,"TCL - 55"" Class QM5K Series 4K UHD HDR QD-Mini LED Smart TV with Google TV (2025)",329.99,699.99,https://api.bestbuy.com/click/-/6625835/pdp,FALSE
2026-01-22T21:18:27Z,6625874,"TCL - 65"" Class QM5K Series 4K UHD QD-Mini LED Smart TV with Google TV (2025)",449.99,899.99,https://api.bestbuy.com/click/-/6625874/pdp,FALSE
2026-01-22T21:18:27Z,6625834,"TCL - 75"" Class QM5K Series 4K UHD HDR QD-Mini LED Smart TV with Google TV (2025)",599.99,1199.99,https://api.bestbuy.com/click/-/6625834/pdp,FALSE
2026-01-23T13:39:14Z,6625835,"TCL - 55"" Class QM5K Series 4K UHD HDR QD-Mini LED Smart TV with Google TV (2025)",329.99,699.99,https://api.bestbuy.com/click/-/6625835/pdp,FALSE
2026-01-23T13:39:14Z,6625874,"TCL - 65"" Class QM5K Series 4K UHD QD-Mini LED Smart TV with Google TV (2025)",449.99,899.99,https://api.bestbuy.com/click/-/6625874/pdp,FALSE
2026-01-23T13:39:14Z,6625834,"TCL - 75"" Class QM5K Series 4K UHD HDR QD-Mini LED Smart TV with Google TV (2025)",599.99,1199.99,https://api.bestbuy.com/click/-/6625834/pdp,FALSE
2026-01-23T21:17:07Z,6625835,"TCL - 55"" Class QM5K Series 4K UHD HDR QD-Mini LED Smart TV with Google TV (2025)",329.99,699.99,https://api.bestbuy.com/click/-/6625835/pdp,FALSE
2026-01-23T21:17:07Z,6625874,"TCL - 65"" Class QM5K Series 4K UHD QD-Mini LED Smart TV with Google TV (2025)",449.99,899.99,https://api.bestbuy.com/click/-/6625874/pdp,FALSE
2026-01-23T21:17:07Z,6625834,"TCL - 75"" Class QM5K Series 4K UHD HDR QD-Mini LED Smart TV with Google TV (2025)",599.99,1199.99,https://api.bestbuy.com/click/-/6625834/pdp,FALSE
2026-01-24T13:27:34Z,6625835,"TCL - 55"" Class QM5K Series 4K UHD HDR QD-Mini LED Smart TV with Google TV (2025)",329.99,699.99,https://api.bestbuy.com/click/-/6625835/pdp,FALSE
2026-01-24T13:27:34Z,6625874,"TCL - 65"" Class QM5K Series 4K UHD QD-Mini LED Smart TV with Google TV (2025)",449.99,899.99,https://api.bestbuy.com/click/-/6625874/pdp,FALSE
2026-01-24T13:27:34Z,6625834,"TCL - 75"" Class QM5K Series 4K UHD HDR QD-Mini LED Smart TV with Google TV (2025)",599.99,1199.99,https://api.bestbuy.com/click/-/6625834/pdp,FALSE
2026-01-24T21:14:20Z,6625835,"TCL - 55"" Class QM5K Series 4K UHD HDR QD-Mini LED Smart TV with Google TV (2025)",329.99,699.99,https://api.bestbuy.com/click/-/6625835/pdp,FALSE
2026-01-24T21:14:20Z,6625874,"TCL - 65"" Class QM5K Series 4K UHD QD-Mini LED Smart TV with Google TV (2025)",449.99,899.99,https://api.bestbuy.com/click/-/6625874/pdp,FALSE
2026-01-24T21:14:20Z,6625834,"TCL - 75"" Class QM5K Series 4K UHD HDR QD-Mini LED Smart TV with Google TV (2025)",599.99,1199.99,https://api.bestbuy.com/click/-/6625834/pdp,FALSE
2026-01-25T13:29:18Z,6625835,"TCL - 55"" Class QM5K Series 4K UHD HDR QD-Mini LED Smart TV with Google TV (2025)",329.99,699.99,https://api.bestbuy.com/click/-/6625835/pdp,FALSE
2026-01-25T13:29:18Z,6625874,"TCL - 65"" Class QM5K Series 4K UHD QD-Mini LED Smart TV with Google TV (2025)",449.99,899.99,https://api.bestbuy.com/click/-/6625874/pdp,FALSE
2026-01-25T13:29:18Z,6625834,"TCL - 75"" Class QM5K Series 4K UHD HDR QD-Mini LED Smart TV with Google TV (2025)",599.99,1199.99,https://api.bestbuy.com/click/-/6625834/pdp,FALSE
